benchmark,design,regime,speedup,tile_mm,f_net_GHz,runtime_us,avg_latency_ns,avg_hops,energy_uJ,dynamic_uJ,static_uJ,deadlocked,delivered,packets
blackscholes,Mesh,pipelined,10,1.0,2.0,1173.01,10.30535,5.323584,2120.110831786241,26.250345994992994,2093.860485791248,False,250000,250000
blackscholes,Mesh,global,10,1.0,4.0,728.2345,5.052077,5.323584,1351.7302635849665,26.250157033548696,1325.4801065514175,False,250000,250000
blackscholes,Torus,pipelined,10,1.0,2.0,951.6915,8.74805,3.793728,1951.4887618868577,25.330142814358467,1926.1586190724993,False,250000,250000
blackscholes,Torus,global,10,1.0,3.69,647.480758807588,4.669627100271003,3.792576,1356.94589631893,25.33098482583908,1331.6149114930906,False,250000,250000
blackscholes,Folded torus,pipelined,10,1.0,2.0,951.6915,8.74805,3.793728,1926.8209966775162,24.16240902025231,1902.658587657264,False,250000,250000
blackscholes,Folded torus,global,10,1.0,4.0,617.5382500000001,4.288923,3.792616,1282.642991229749,24.155349395724894,1258.487641834024,False,250000,250000
blackscholes,Modified torus,pipelined,10,1.0,2.0,939.482,8.807908,3.818936,1907.195995251975,25.931275234607234,1881.2647200173676,False,250000,250000
blackscholes,Modified torus,global,10,1.0,3.69,640.7867208672087,4.701657452574525,3.816096,1330.0040332137564,25.922035483578036,1304.0819977301783,False,250000,250000
blackscholes,Searched (links <= 5),pipelined,10,1.0,2.0,873.9699999999999,8.431754,3.36638,1772.552579063849,25.27780587399294,1747.274773189856,False,250000,250000
blackscholes,Searched (links <= 5),global,10,1.0,4.0,578.589,4.106536,3.362572,1204.375329300339,25.26275369652771,1179.1125756038114,False,250000,250000
blackscholes,Searched (wire <= 208),pipelined,10,1.0,2.0,873.8895,8.4099,3.365904,1790.5130496289023,26.35192812699231,1764.16112150191,False,250000,250000
blackscholes,Searched (wire <= 208),global,10,1.0,2.84,699.962323943662,5.849874647887325,3.364824,1450.7642311496838,26.349095039330187,1424.4151361103536,False,250000,250000
canneal,Mesh,pipelined,10,1.0,2.0,1005.8935,8.419564,5.560864,1823.7750616829212,28.222890291152556,1795.5521713917688,False,250000,250000
canneal,Mesh,global,10,1.0,4.0,679.73975,4.165569,5.560864,1265.436228752154,28.22278135679726,1237.2134473953568,False,250000,250000
canneal,Torus,pipelined,10,1.0,2.0,863.6985000000001,7.111584,4.223344,1777.17494946927,29.108154657097096,1748.066794812173,False,250000,250000
canneal,Torus,global,10,1.0,3.69,631.8027100271003,3.8015414634146336,4.222784,1328.4504810620479,29.079189561096175,1299.3712915009517,False,250000,250000
canneal,Folded torus,pipelined,10,1.0,2.0,863.6985000000001,7.111584,4.223344,1755.579062591721,28.839496070744786,1726.7395665209758,False,250000,250000
canneal,Folded torus,global,10,1.0,4.0,608.845,3.502802,4.222576,1269.6052522928708,28.833675321830817,1240.77157697104,False,250000,250000
canneal,Modified torus,pipelined,10,1.0,2.0,859.1990000000001,7.04265,4.164184,1748.4963694549708,27.994256403094727,1720.5021130518758,False,250000,250000
canneal,Modified torus,global,10,1.0,3.69,629.3642276422764,3.769792953929539,4.162928,1308.8054597100563,27.96967994717574,1280.8357797628807,False,250000,250000
canneal,Searched (links <= 5),pipelined,10,1.0,2.0,810.7595,6.573034,3.659308,1647.8675361994722,26.96565000884628,1620.9018861906259,False,250000,250000
canneal,Searched (links <= 5),global,10,1.0,4.0,582.1242500000001,3.226686,3.65668,1213.268500320713,26.951401760358483,1186.3170985603547,False,250000,250000
canneal,Searched (wire <= 208),pipelined,10,1.0,2.0,808.6765,6.503282,3.599144,1660.867402945457,28.354778440597496,1632.5126245048593,False,250000,250000
canneal,Searched (wire <= 208),global,10,1.0,2.84,675.1954225352113,4.544067605633803,3.5977,1402.3589018831349,28.34412024041616,1374.0147816427186,False,250000,250000
ferret,Mesh,pipelined,10,1.0,2.0,1016.72,10.541122,5.429556,1842.6135937648696,27.7357725070137,1814.8778212578559,False,250000,250000
ferret,Mesh,global,10,1.0,4.0,743.976,5.17536,5.429556,1381.8678296790376,27.736175999216997,1354.1316536798208,False,250000,250000
ferret,Torus,pipelined,10,1.0,2.0,909.784,9.29951,4.222252,1869.992277942175,28.651577626731868,1841.3407003154432,False,250000,250000
ferret,Torus,global,10,1.0,3.69,710.1249322493225,4.9608845528455285,4.22062,1489.087855147555,28.638357701984543,1460.4494974455704,False,250000,250000
ferret,Folded torus,pipelined,10,1.0,2.0,909.784,9.29951,4.222252,1847.745381305214,28.869894329470327,1818.8754869757438,False,250000,250000
ferret,Folded torus,global,10,1.0,4.0,690.4235,4.566724,4.220444,1435.8815904369756,28.860337289023743,1407.0212531479517,False,250000,250000
ferret,Modified torus,pipelined,10,1.0,2.0,906.124,9.263884,4.18246,1842.006883042394,27.539854231818204,1814.4670288105758,False,250000,250000
ferret,Modified torus,global,10,1.0,3.69,708.0292682926829,4.9429084010840105,4.17882,1468.4473854594557,27.51830160301719,1440.9290838564384,False,250000,250000
ferret,Searched (links <= 5),pipelined,10,1.0,2.0,858.585,8.737262,3.650536,1743.1299249373383,26.613441374730343,1716.516483562608,False,250000,250000
ferret,Searched (links <= 5),global,10,1.0,4.0,664.8385000000001,4.286982,3.648032,1381.4804842412743,26.59915034869339,1354.8813338925809,False,250000,250000
ferret,Searched (wire <= 208),pipelined,10,1.0,2.0,858.857,8.741392,3.65296,1762.1032009367168,28.288881929833508,1733.8143190068834,False,250000,250000
ferret,Searched (wire <= 208),global,10,1.0,2.84,744.6235915492958,6.109597183098591,3.650992,1543.550119312473,28.249826388364838,1515.3002929241081,False,250000,250000
fluidanimate,Mesh,pipelined,10,1.0,2.0,1137.2115,7.023864,5.571112,2058.273796594575,28.314781891039893,2029.9590147035349,False,250000,250000
fluidanimate,Mesh,global,10,1.0,4.0,808.67075,3.47525,5.571112,1500.199535627408,28.315146910566593,1471.8843887168414,False,250000,250000
fluidanimate,Torus,pipelined,10,1.0,2.0,998.341,5.637548,4.22008,2049.642757171548,29.068735102991372,2020.5740220685568,False,250000,250000
fluidanimate,Torus,global,10,1.0,3.69,762.7628726287263,3.024172357723577,4.21816,1597.7698441709317,29.064672149665963,1568.7051720212658,False,250000,250000
fluidanimate,Folded torus,pipelined,10,1.0,2.0,998.341,5.637548,4.22008,2024.9043836957037,28.982304891448294,1995.922078804256,False,250000,250000
fluidanimate,Folded torus,global,10,1.0,4.0,739.5035,2.785953,4.21804,1536.0121869149789,28.970289764467097,1507.0418971505119,False,250000,250000
fluidanimate,Modified torus,pipelined,10,1.0,2.0,990.6184999999999,5.59968,4.154192,2011.7074649732917,28.044515553798018,1983.6629494194938,False,250000,250000
fluidanimate,Modified torus,global,10,1.0,3.69,758.3853658536585,2.997320325203252,4.150496,1571.4339060590326,28.023796665203985,1543.4101093938284,False,250000,250000
fluidanimate,Searched (links <= 5),pipelined,10,1.0,2.0,934.4805,5.043092,3.5959,1895.086428266224,26.836712958097728,1868.2497153081263,False,250000,250000
fluidanimate,Searched (links <= 5),global,10,1.0,4.0,707.51725,2.484178,3.5909,1468.660862891847,26.80405792039819,1441.8568049714488,False,250000,250000
fluidanimate,Searched (wire <= 208),pipelined,10,1.0,2.0,931.9114999999999,5.02267,3.584216,1909.6856328809076,28.392818422641373,1881.292814458266,False,250000,250000
fluidanimate,Searched (wire <= 208),global,10,1.0,2.84,799.3524647887324,3.5109422535211268,3.58178,1655.0406621928967,28.36775283237468,1626.672909360522,False,250000,250000
swaptions,Mesh,pipelined,10,1.0,2.0,1004.9105000000001,14.380994,5.340472,1820.3501755510945,26.55269069868413,1793.7974848524107,False,250000,250000
swaptions,Mesh,global,10,1.0,4.0,657.52675,7.075272,5.340472,1223.3354268515075,26.552485847741135,1196.7829410037664,False,250000,250000
swaptions,Torus,pipelined,10,1.0,2.0,852.07,13.17916,4.07492,1751.6525316443444,27.121026894008462,1724.531504750336,False,250000,250000
swaptions,Torus,global,10,1.0,3.69,605.269918699187,6.998714363143631,4.074152,1271.9235353592549,27.119827674771788,1244.803707684483,False,250000,250000
swaptions,Folded torus,pipelined,10,1.0,2.0,852.07,13.17916,4.07492,1730.642952725644,27.15153477652385,1703.4914179491202,False,250000,250000
swaptions,Folded torus,global,10,1.0,4.0,580.916,6.447331,4.074248,1211.0040301879317,27.149253672219725,1183.854776515712,False,250000,250000
swaptions,Modified torus,pipelined,10,1.0,2.0,855.6395,13.277974,4.108792,1740.004936699544,26.630540592646064,1713.3743961068978,False,250000,250000
swaptions,Modified torus,global,10,1.0,3.69,607.4425474254742,7.081680216802168,4.105592,1262.8461546799083,26.62376592494403,1236.2223887549642,False,250000,250000
swaptions,Searched (links <= 5),pipelined,10,1.0,2.0,799.3395,12.876112,3.6552,1623.8756604409741,25.805081857964556,1598.0705785830096,False,250000,250000
swaptions,Searched (links <= 5),global,10,1.0,4.0,554.4015,6.276356,3.652228,1155.6119789845707,25.791362651359616,1129.820616333211,False,250000,250000
swaptions,Searched (wire <= 208),pipelined,10,1.0,2.0,797.796,12.797164,3.615252,1637.727735683646,27.18007938415088,1610.5476562994952,False,250000,250000
swaptions,Searched (wire <= 208),global,10,1.0,2.84,654.7859154929578,8.905945070422536,3.614712,1359.6774578965415,27.19578418989616,1332.4816737066456,False,250000,250000
vips,Mesh,pipelined,10,1.0,2.0,1403.046,10.568424,5.30174,2532.439427802597,27.957301352296426,2504.4821264503003,False,250000,250000
vips,Mesh,global,10,1.0,4.0,1400.96975,5.163145,5.30174,2577.9021711409546,27.95770475641392,2549.9444663845406,False,250000,250000
vips,Torus,pipelined,10,1.0,2.0,1401.7745,9.320374,4.123996,2866.288669516641,29.192787950983853,2837.0958815656577,False,250000,250000
vips,Torus,global,10,1.0,3.69,1400.4813008130081,4.95258753387534,4.120148,2909.40091807863,29.15813393122462,2880.242784147406,False,250000,250000
vips,Folded torus,pipelined,10,1.0,2.0,1401.7745,9.320374,4.123996,2831.747452601157,29.26546092216539,2802.481991678992,False,250000,250000
vips,Folded torus,global,10,1.0,4.0,1400.3575,4.561313,4.120108,2883.039475627651,29.236317848210987,2853.80315777944,False,250000,250000
vips,Modified torus,pipelined,10,1.0,2.0,1401.9375,9.393418,4.11886,2835.130448723234,27.82221033298453,2807.3082383902497,False,250000,250000
vips,Modified torus,global,10,1.0,3.69,1400.538482384824,4.974440108401084,4.110332,2878.0663430165773,27.793447950006247,2850.272895066571,False,250000,250000
vips,Searched (links <= 5),pipelined,10,1.0,2.0,1401.8,8.993026,3.724456,2829.7102146933958,27.177202052756112,2802.5330126406398,False,250000,250000
vips,Searched (links <= 5),global,10,1.0,4.0,1400.3952499999998,4.383957,3.714104,2880.996594933135,27.116465703504172,2853.880129229631,False,250000,250000
vips,Searched (wire <= 208),pipelined,10,1.0,2.0,1401.7825,8.978074,3.690032,2858.5937436044187,28.750625794042048,2829.843117810377,False,250000,250000
vips,Searched (wire <= 208),global,10,1.0,2.84,1400.9316901408451,6.231360563380282,3.687004,2879.614076556655,28.734485137542862,2850.8795914191123,False,250000,250000
x264,Mesh,pipelined,10,1.0,2.0,1540.707,7.171952,5.699712,2784.034902088319,33.82347381236529,2750.2114282759535,False,250000,250000
x264,Mesh,global,10,1.0,4.0,1017.3472499999999,3.54164,5.699712,1885.5259435273872,33.82358483689468,1851.7023586904925,False,250000,250000
x264,Torus,pipelined,10,1.0,2.0,1334.9925,5.756772,4.335624,2737.2726774695398,35.339004349476,2701.933673120064,False,250000,250000
x264,Torus,global,10,1.0,3.69,952.320596205962,3.0835533875338754,4.333296,1993.8601889743804,35.30885107014724,1958.551337904233,False,250000,250000
x264,Folded torus,pipelined,10,1.0,2.0,1334.9925,5.756772,4.335624,2703.80732333277,34.83849826388985,2668.96882506888,False,250000,250000
x264,Folded torus,global,10,1.0,4.0,914.6122499999999,2.842394,4.33312,1898.7190978387548,34.82125232876299,1863.8978455099916,False,250000,250000
x264,Modified torus,pipelined,10,1.0,2.0,1306.0835,5.662616,4.2082,2648.331751805563,32.966252576409424,2615.365499229154,False,250000,250000
x264,Modified torus,global,10,1.0,3.69,936.6439024390244,3.0246070460704604,4.203704,1939.1182491911147,32.929478922264984,1906.1887702688498,False,250000,250000
x264,Searched (links <= 5),pipelined,10,1.0,2.0,1216.6760000000002,5.138096,3.678528,2464.3744049506217,31.948484214736773,2432.425920735885,False,250000,250000
x264,Searched (links <= 5),global,10,1.0,4.0,855.269,2.521205,3.673108,1774.876061978554,31.91442008059873,1742.9616418979554,False,250000,250000
x264,Searched (wire <= 208),pipelined,10,1.0,2.0,1213.6525,5.10125,3.6493,2483.818105838829,33.761713682158856,2450.0563921566704,False,250000,250000
x264,Searched (wire <= 208),global,10,1.0,2.84,1001.6010563380282,3.5535042253521123,3.647172,2072.006745790503,33.760319963108145,2038.2464258273947,False,250000,250000
