design,tile_mm,max_link_tiles,total_wire_tiles,area_mm2,router_mm2,wire_track_mm2,repeater_mm2,f_max_GHz,zero_load_global_ns,zero_load_pipelined_ns,avg_hops
Mesh,1.0,1,112,11.3032036512,2.1184748,9.175040000000001,0.009688851200000006,4.0,2.6666666666666665,5.3246861924686195,5.333333333333333
Torus,1.0,7,224,20.765577299200004,2.3822784,18.350080000000002,0.033218899200000075,3.69,2.202434722759926,4.057885906040268,4.063492063492063
Folded torus,1.0,2,224,20.7475837184,2.3822784,18.350080000000002,0.015225318400000005,4.0,2.0317460317460316,4.057885906040268,4.063492063492063
Modified torus,1.0,7,176,16.8178459432,2.3822784,14.41792,0.017647543200000046,3.69,2.2389985804619954,4.1944213155703585,4.130952380952381
Searched (links <= 5),1.0,5,180,17.1431037312,2.3822784,14.745600000000001,0.015225331200000029,4.0,1.9211309523809523,3.8568447412353923,3.8422619047619047
Searched (wire <= 208),1.0,9,208,19.4511807344,2.3822784,17.039360000000002,0.02954233440000006,2.84,2.671235747820255,3.78375,3.793154761904762
Mesh,1.5,1,112,15.8955680544,2.1184748,13.76256,0.0145332544,4.0,2.6666666666666665,5.3246861924686195,5.333333333333333
Torus,1.5,7,224,30.0042868544,2.3822784,27.52512,0.09688845439999973,2.45,3.317136378360868,4.057885906040268,4.063492063492063
Folded torus,1.5,2,224,29.9281601984,2.3822784,27.52512,0.020761798399999983,4.0,2.0317460317460316,4.057885906040268,4.063492063492063
Modified torus,1.5,7,176,24.048951862400003,2.3822784,21.626880000000003,0.03979346240000013,2.45,3.37220602526725,4.1944213155703585,4.130952380952381
Searched (links <= 5),1.5,5,180,24.5313020544,2.3822784,22.1184,0.030623654400000117,3.42,2.2469367864104703,3.8568447412353923,3.8422619047619047
Searched (wire <= 208),1.5,9,208,28.009745865400003,2.3822784,25.559040000000003,0.06842746540000004,1.86,4.0786610343061955,3.8368200836820083,3.793154761904762
Mesh,2.0,1,112,20.483088054400003,2.1184748,18.350080000000002,0.0145332544,4.0,2.6666666666666665,5.3246861924686195,5.333333333333333
Torus,2.0,7,224,39.1440317504,2.3822784,36.700160000000004,0.061593350400000135,1.75,4.6439909297052155,4.191213389121339,4.063492063492063
Folded torus,2.0,2,224,39.1156572544,2.3822784,36.700160000000004,0.03321885440000002,4.0,2.0317460317460316,4.057885906040268,4.063492063492063
Modified torus,2.0,7,176,31.2537594944,2.3822784,28.83584,0.03564109440000015,1.75,4.72108843537415,4.2786195286195285,4.130952380952381
Searched (links <= 5),2.0,5,180,31.932130454400003,2.3822784,29.491200000000003,0.05865205440000016,2.57,2.9900870854178248,3.8568447412353923,3.8422619047619047
Searched (wire <= 208),2.0,9,208,36.5281282264,2.3822784,34.078720000000004,0.0671298264000001,1.16,6.539922003284072,3.956613310867734,3.793154761904762
