wire_model,topology,pattern,routing,rate,offered,accepted,avg_latency,avg_network_latency,p99_latency,avg_hops,avg_wire,escape_fraction,saturated,deadlocked,cycles
unit,Mesh,uniform,adaptive,0.01,0.009963541666666667,0.00996875,10.565603763721903,10.565603763721903,24.0,5.273392577104025,5.273392577104025,0.0,False,False,4009
unit,Mesh,uniform,adaptive,0.025,0.024984375,0.025,10.628309360016678,10.628309360016678,24.0,5.2978945174067125,5.2978945174067125,0.0,False,False,4018
unit,Mesh,uniform,adaptive,0.05,0.050067708333333336,0.050109375,10.642151253510871,10.642151253510871,24.0,5.274732133569125,5.274732133569125,0.0,False,False,4017
unit,Mesh,uniform,adaptive,0.075,0.0746875,0.074703125,10.879009762900976,10.879009762900976,24.0,5.364295676429568,5.364295676429568,0.0,False,False,4021
unit,Mesh,uniform,adaptive,0.1,0.09945833333333333,0.0994375,10.906577293674069,10.906577293674069,24.0,5.341432760787599,5.341432760787599,0.0,False,False,4024
unit,Mesh,uniform,adaptive,0.125,0.124328125,0.1243125,10.944535210087555,10.944535210087555,24.0,5.31297390138662,5.31297390138662,0.0,False,False,4019
unit,Mesh,uniform,adaptive,0.15,0.150671875,0.15066666666666667,11.138234989111272,11.138234989111272,24.0,5.355352760206022,5.355352760206022,0.0,False,False,4020
unit,Mesh,uniform,adaptive,0.175,0.17546354166666667,0.17549479166666668,11.201994716376266,11.201994716376266,24.0,5.331473181157055,5.331473181157055,0.0,False,False,4022
unit,Mesh,uniform,adaptive,0.2,0.19996354166666666,0.19999479166666667,11.331753184174199,11.331753184174199,25.0,5.321074154142682,5.321074154142682,0.0,False,False,4023
unit,Mesh,uniform,adaptive,0.225,0.22459375,0.224640625,11.566091554195074,11.566091554195074,26.0,5.345206623069431,5.345206623069431,0.0,False,False,4024
unit,Mesh,uniform,adaptive,0.25,0.24949479166666666,0.24963541666666667,11.776840698912386,11.776694570277435,26.0,5.329937582197357,5.329937582197357,0.0,False,False,4022
unit,Mesh,uniform,adaptive,0.275,0.27411979166666667,0.274140625,12.072447796925767,12.072181793999734,27.0,5.312971442685869,5.312971442685869,0.0,False,False,4024
unit,Mesh,uniform,adaptive,0.3,0.29955729166666667,0.29969270833333334,12.580109536642615,12.579570546813875,29.0,5.331374424063288,5.331374424063288,1.7386768669042858e-05,False,False,4024
unit,Mesh,uniform,adaptive,0.325,0.32403125,0.3239635416666667,13.274359468929823,13.272928922750506,31.0,5.3435078921143155,5.3435078921143155,0.0001446619731893143,False,False,4041
unit,Mesh,uniform,adaptive,0.35,0.3473645833333333,0.34748958333333335,14.310282784058536,14.306744234863706,37.0,5.334063034155996,5.334063034155996,0.0005097909856958646,False,False,4032
unit,Mesh,uniform,adaptive,0.375,0.374671875,0.3745572916666667,16.880450950136925,16.870108567218537,53.0,5.34039506790664,5.34039506790664,0.006324978800895228,False,False,4069
unit,Mesh,uniform,adaptive,0.4,0.3999010416666667,0.40058333333333335,24.039462887954052,23.948164259387088,91.0,5.342324272932106,5.342324272932106,0.0506375275133171,False,False,4120
unit,Mesh,uniform,adaptive,0.425,0.423484375,0.4141770833333333,119.00598949685767,47.133761330234044,1257.0,5.330738294653728,5.330738294653728,0.1892410434269269,False,False,6389
unit,Mesh,uniform,adaptive,0.45,0.44969270833333336,0.4055625,nan,nan,nan,5.330298531697246,5.330298531697246,0.28028809352601425,True,False,10000
unit,Torus,uniform,adaptive,0.01,0.0099375,0.009911458333333333,8.110587002096436,8.110587002096436,16.0,4.05083857442348,7.082285115303983,0.0,False,False,4012
unit,Torus,uniform,adaptive,0.025,0.0248125,0.024786458333333334,8.194374475230898,8.194374475230898,16.0,4.083753148614609,7.164357682619648,0.0,False,False,4010
unit,Torus,uniform,adaptive,0.05,0.049729166666666665,0.04978645833333333,8.196480938416423,8.196480938416423,16.0,4.071742773355677,7.069857561793046,0.0,False,False,4014
unit,Torus,uniform,adaptive,0.075,0.07413020833333334,0.07416145833333333,8.223424436169465,8.223424436169465,16.0,4.069064849293895,7.112695847677932,0.0,False,False,4016
unit,Torus,uniform,adaptive,0.1,0.098640625,0.09858854166666667,8.316964992871851,8.316964992871851,16.0,4.097206821901896,7.170547547388986,0.0,False,False,4012
unit,Torus,uniform,adaptive,0.125,0.12459375,0.12466666666666666,8.349092885210267,8.349092885210267,16.0,4.093763063289023,7.141417941643676,0.0,False,False,4014
unit,Torus,uniform,adaptive,0.15,0.15123958333333334,0.151125,8.375163578758867,8.375163578758867,16.0,4.084200013775053,7.149080515186997,0.0,False,False,4015
unit,Torus,uniform,adaptive,0.175,0.175421875,0.175421875,8.413586294943737,8.413586294943737,16.0,4.080965529527033,7.148035984679789,0.0,False,False,4014
unit,Torus,uniform,adaptive,0.2,0.20122916666666665,0.20133333333333334,8.485893984884564,8.485893984884564,16.0,4.092038513303654,7.202919556889947,0.0,False,False,4019
unit,Torus,uniform,adaptive,0.225,0.22459895833333332,0.22467708333333333,8.582519769032766,8.582519769032766,16.0,4.112283468218816,7.197365674929852,0.0,False,False,4019
unit,Torus,uniform,adaptive,0.25,0.2511875,0.2513385416666667,8.605519615161317,8.605519615161317,17.0,4.096230405573526,7.199116695695446,0.0,False,False,4014
unit,Torus,uniform,adaptive,0.275,0.27641666666666664,0.2764270833333333,8.685992613807658,8.685992613807658,17.0,4.096642297256557,7.197260325595417,0.0,False,False,4016
unit,Torus,uniform,adaptive,0.3,0.30127604166666666,0.30138020833333334,8.750384648629959,8.750384648629959,17.0,4.0916760307718905,7.162572391736537,0.0,False,False,4016
unit,Torus,uniform,adaptive,0.325,0.32449479166666667,0.32455208333333335,8.854372983644447,8.854372983644447,17.0,4.104088085645956,7.206025392035697,0.0,False,False,4021
unit,Torus,uniform,adaptive,0.35,0.34861458333333334,0.3485,8.979875698449218,8.979875698449218,18.0,4.113664206531808,7.199270923596378,0.0,False,False,4016
unit,Torus,uniform,adaptive,0.375,0.3748385416666667,0.374734375,9.10314163042421,9.103016576581584,18.0,4.12099654017702,7.229835067876447,0.0,False,False,4016
unit,Torus,uniform,adaptive,0.4,0.39746354166666664,0.39740625,9.21875696146135,9.218743857534102,19.0,4.122508615832165,7.230104962457249,0.0,False,False,4018
unit,Torus,uniform,adaptive,0.425,0.424484375,0.4242708333333333,9.38787254144121,9.387798922712605,19.0,4.1286732678126645,7.252536778689832,0.0,False,False,4016
unit,Torus,uniform,adaptive,0.45,0.45019791666666664,0.45011979166666666,9.575429787824799,9.575383511881348,20.0,4.131354265485087,7.26997385409195,0.0,False,False,4021
unit,Torus,uniform,adaptive,0.475,0.4737135416666667,0.473890625,9.757775994194803,9.757600079161765,20.0,4.130671885479313,7.256638043824832,0.0,False,False,4026
unit,Torus,uniform,adaptive,0.5,0.49923958333333335,0.499265625,10.014386462745426,10.013937863834581,21.0,4.143061322427859,7.291224153399963,0.0,False,False,4020
unit,Torus,uniform,adaptive,0.525,0.5243020833333333,0.5242135416666667,10.347396340373114,10.34688971450142,22.0,4.158315617984225,7.3192438360518945,0.0,False,False,4022
unit,Torus,uniform,adaptive,0.55,0.54878125,0.5486822916666667,10.676147903498283,10.674619896361255,24.0,4.151699789305848,7.308866237685781,4.7453637795873435e-05,False,False,4021
unit,Torus,uniform,adaptive,0.575,0.5721822916666667,0.5721354166666667,11.044238523926124,11.040988903958711,25.0,4.14613277018724,7.297444906653073,8.192319245578423e-05,False,False,4029
unit,Torus,uniform,adaptive,0.6,0.6004010416666666,0.600453125,11.70293293545113,11.697268318918779,27.0,4.168984272664972,7.334160326864856,0.00010409708788396645,False,False,4026
unit,Torus,uniform,adaptive,0.625,0.6260625,0.6259791666666666,12.374596519250607,12.3606452364314,29.0,4.166982795913613,7.324415160893149,0.0005740241589298193,False,False,4033
unit,Torus,uniform,adaptive,0.65,0.6500520833333333,0.65009375,13.360347728547392,13.323964425927409,33.0,4.180009614614214,7.367879176348049,0.0009053761717811073,False,False,4039
unit,Torus,uniform,adaptive,0.675,0.6744375,0.6745989583333334,14.612725110431532,14.534534951966144,37.0,4.182775769931733,7.358941092886047,0.002061903438050227,False,False,4057
unit,Torus,uniform,adaptive,0.7,0.6994375,0.6995,16.551879486492123,16.378317397909033,44.0,4.185014743990707,7.370163524260566,0.005383790545974444,False,False,4043
unit,Torus,uniform,adaptive,0.725,0.7240208333333333,0.72396875,19.607098667740914,19.107940321698845,54.0,4.182113774350416,7.369953673064196,0.01600581244784623,False,False,4080
unit,Torus,uniform,adaptive,0.75,0.7498802083333334,0.7495625,27.81957534884044,24.587302138536018,85.0,4.202518457809234,7.382192989157991,0.05461288955874897,False,False,4192
unit,Torus,uniform,adaptive,0.775,0.7739010416666666,0.7650520833333333,60.02753905066997,30.23550868503052,236.0,4.200250355006091,7.3665547247777425,0.1177408825686962,False,False,4346
unit,Torus,uniform,adaptive,0.8,0.7988072916666666,0.770546875,122.79117955806508,32.92565739285784,385.0,4.203982499951099,7.364006233251397,0.1511433061008926,False,False,4478
unit,Torus,uniform,adaptive,0.825,0.8231822916666667,0.7731770833333333,nan,nan,nan,4.202257499161663,7.359365015090066,0.16374461408026522,True,False,4641
unit,Modified torus,uniform,adaptive,0.01,0.010015625,0.010015625,8.288611544461778,8.288611544461778,14.0,4.140405616224649,6.85179407176287,0.0,False,False,4012
unit,Modified torus,uniform,adaptive,0.025,0.024828125,0.024864583333333332,8.228235787707153,8.228235787707153,14.0,4.096077197398784,6.655338787497378,0.0,False,False,4014
unit,Modified torus,uniform,adaptive,0.05,0.04991145833333333,0.049984375,8.42898883439424,8.42898883439424,16.0,4.179484503808828,6.824376500052176,0.0,False,False,4010
unit,Modified torus,uniform,adaptive,0.075,0.07478125,0.07484375,8.435088452430701,8.435088452430701,16.0,4.157612480846915,6.822746900682547,0.0,False,False,4014
unit,Modified torus,uniform,adaptive,0.1,0.09983854166666667,0.09983854166666667,8.507799050550368,8.507799050550368,16.0,4.164797329020815,6.802597944598049,0.0,False,False,4014
unit,Modified torus,uniform,adaptive,0.125,0.12486979166666666,0.12490625,8.55570385818561,8.55570385818561,16.0,4.1649217935349325,6.8177685088633995,0.0,False,False,4014
unit,Modified torus,uniform,adaptive,0.15,0.15105208333333334,0.15108333333333332,8.646507137438798,8.646507137438798,16.0,4.170057237431902,6.816081649541411,0.0,False,False,4018
unit,Modified torus,uniform,adaptive,0.175,0.17534895833333333,0.17526041666666667,8.722190869397332,8.722190869397332,17.0,4.169542875813111,6.804704903911842,0.0,False,False,4015
unit,Modified torus,uniform,adaptive,0.2,0.20157291666666666,0.20165625,8.882564208568033,8.882564208568033,18.0,4.1883881969924035,6.854968735465867,0.0,False,False,4015
unit,Modified torus,uniform,adaptive,0.225,0.22393229166666667,0.22396354166666665,9.021816490289568,9.021816490289568,18.0,4.208931271078033,6.834492382835213,0.0,False,False,4018
unit,Modified torus,uniform,adaptive,0.25,0.24923958333333332,0.24922916666666667,9.213984201947591,9.213921511263425,19.0,4.219271116312116,6.852279851214109,0.0,False,False,4017
unit,Modified torus,uniform,adaptive,0.275,0.27427083333333335,0.274328125,9.434694265096848,9.434352449677174,21.0,4.216748955563996,6.843524496771743,1.89897455374098e-05,False,False,4027
unit,Modified torus,uniform,adaptive,0.3,0.2989375,0.29909895833333333,9.780803540316398,9.779357446511952,23.0,4.240713638581086,6.8908286291727645,0.00013938253536831835,False,False,4022
unit,Modified torus,uniform,adaptive,0.325,0.32384375,0.32378645833333336,10.180610505323425,10.176927530637846,27.0,4.247659944031651,6.873379651966934,0.0004342371900028949,False,False,4027
unit,Modified torus,uniform,adaptive,0.35,0.34925520833333334,0.34908854166666664,10.756595135481755,10.754328407175985,34.0,4.242510103344916,6.826252292825506,0.0016553081706607812,False,False,4037
unit,Modified torus,uniform,adaptive,0.375,0.3754166666666667,0.37518229166666667,12.063762486126526,12.04504716981132,47.0,4.252427857935627,6.819963928967813,0.007921753607103219,False,False,4056
unit,Modified torus,uniform,adaptive,0.4,0.39853125,0.3983125,17.37021354452547,15.448757155179173,106.0,4.279058522177788,6.7999817036514285,0.027457591677775162,False,False,4150
unit,Modified torus,uniform,adaptive,0.425,0.4241197916666667,0.4172708333333333,72.78549937984306,20.197074824084194,1416.0,4.287016001277155,6.729427367955693,0.04894941729808058,False,False,6285
unit,Modified torus,uniform,adaptive,0.45,0.4473489583333333,0.4314375,175.0335541558487,23.877286328020396,2935.0,4.303349594253182,6.707722578617084,0.06529205621077878,False,False,8013
unit,Modified torus,uniform,adaptive,0.475,0.47328125,0.441046875,nan,nan,nan,4.326822070757678,6.698140216038848,0.09816444057830583,True,False,10000
unit,Searched (wire 208),uniform,adaptive,0.01,0.00975,0.009755208333333333,7.513354700854701,7.513354700854701,14.0,3.751068376068376,7.346153846153846,0.0,False,False,4008
unit,Searched (wire 208),uniform,adaptive,0.025,0.024973958333333334,0.024973958333333334,7.631908237747654,7.631908237747654,14.0,3.802711157455683,7.528675703858186,0.0,False,False,4006
unit,Searched (wire 208),uniform,adaptive,0.05,0.04961979166666667,0.04961458333333333,7.673349427941639,7.673349427941639,14.0,3.805185262936916,7.4834680382072,0.0,False,False,4011
unit,Searched (wire 208),uniform,adaptive,0.075,0.07463020833333334,0.07458854166666666,7.7565077814222905,7.7565077814222905,14.0,3.827343150254728,7.496894409937888,0.0,False,False,4013
unit,Searched (wire 208),uniform,adaptive,0.1,0.09961458333333334,0.09963020833333333,7.800742444839486,7.800742444839486,14.0,3.828035135417756,7.520757084596884,0.0,False,False,4014
unit,Searched (wire 208),uniform,adaptive,0.125,0.12391145833333334,0.123953125,7.863519818418729,7.863519818418729,14.0,3.832793913664831,7.567987894581985,0.0,False,False,4012
unit,Searched (wire 208),uniform,adaptive,0.15,0.15086458333333333,0.150796875,7.900987364496306,7.900987364496306,15.0,3.8251398190982533,7.510564109645792,0.0,False,False,4013
unit,Searched (wire 208),uniform,adaptive,0.175,0.174421875,0.17445833333333333,7.976081698468153,7.976081698468153,15.0,3.8328704947893337,7.5241123951148134,0.0,False,False,4014
unit,Searched (wire 208),uniform,adaptive,0.2,0.20052083333333334,0.20054166666666667,8.095558441558442,8.095558441558442,16.0,3.8542077922077924,7.592701298701298,0.0,False,False,4014
unit,Searched (wire 208),uniform,adaptive,0.225,0.225765625,0.225828125,8.192608485016263,8.192608485016263,16.0,3.859367430271991,7.590675248575449,0.0,False,False,4013
unit,Searched (wire 208),uniform,adaptive,0.25,0.25009375,0.2501875,8.240284893165063,8.240284893165063,16.0,3.8456412178766297,7.532487817068599,0.0,False,False,4015
unit,Searched (wire 208),uniform,adaptive,0.275,0.27459375,0.27451041666666665,8.40795113994158,8.407932172527598,17.0,3.8630552710443458,7.6096885550624025,0.0,False,False,4015
unit,Searched (wire 208),uniform,adaptive,0.3,0.29849479166666665,0.2984427083333333,8.52872921428696,8.528292997853816,18.0,3.868105599274136,7.597110502346845,0.0,False,False,4021
unit,Searched (wire 208),uniform,adaptive,0.325,0.324,0.32426041666666666,8.72337962962963,8.722977752057613,18.0,3.871190200617284,7.626511059670782,0.0,False,False,4015
unit,Searched (wire 208),uniform,adaptive,0.35,0.35025520833333335,0.35032291666666665,8.93058632842124,8.930080744695088,20.0,3.8782881529836875,7.622061294591741,2.9740219185415396e-05,False,False,4017
unit,Searched (wire 208),uniform,adaptive,0.375,0.37278125,0.373046875,9.246164808449995,9.233087433984407,22.0,3.8971973062844047,7.690208735015508,9.780087741358594e-05,False,False,4028
unit,Searched (wire 208),uniform,adaptive,0.4,0.39861979166666667,0.39860416666666665,9.528921408505912,9.521251714901679,23.0,3.900411576402953,7.645142745149278,0.0005095707846083491,False,False,4024
unit,Searched (wire 208),uniform,adaptive,0.425,0.42302083333333335,0.42311458333333335,10.221768037429205,10.157695148978084,33.0,3.9061314947057375,7.677801034228023,0.002831814823934991,False,False,4027
unit,Searched (wire 208),uniform,adaptive,0.45,0.4500104166666667,0.45080729166666667,15.014039026874379,11.227448438693548,184.0,3.914539015300572,7.6516284345269785,0.006816971829355802,False,False,4104
unit,Searched (wire 208),uniform,adaptive,0.475,0.47421875,0.4709583333333333,37.43490389895662,12.942284459088413,1074.0,3.925886875343218,7.67722130697419,0.012630422844590884,False,False,6039
unit,Searched (wire 208),uniform,adaptive,0.5,0.49999479166666666,0.4903125,104.86990489484265,14.97728101334389,3504.0,3.9272388254044315,7.6687882165439225,0.022666902780237294,False,False,9915
unit,Searched (wire 208),uniform,adaptive,0.525,0.523109375,0.5097864583333334,nan,nan,nan,3.9345545826734005,7.682863660361195,0.03430654753010788,True,False,10000
unit,Mesh,transpose,adaptive,0.01,0.008677083333333334,0.008682291666666666,11.770708283313326,11.770708283313326,28.0,5.883553421368547,5.883553421368547,0.0,False,False,4007
unit,Mesh,transpose,adaptive,0.025,0.022041666666666668,0.022052083333333333,12.041115311909262,12.041115311909262,28.0,6.014177693761814,6.014177693761814,0.0,False,False,4019
unit,Mesh,transpose,adaptive,0.05,0.043916666666666666,0.043890625,12.13508064516129,12.13508064516129,28.0,6.052893738140417,6.052893738140417,0.0,False,False,4019
unit,Mesh,transpose,adaptive,0.075,0.06526041666666667,0.06534375,11.961292897047088,11.961292897047088,28.0,5.952753391859537,5.952753391859537,0.0,False,False,4027
unit,Mesh,transpose,adaptive,0.1,0.0871875,0.087046875,12.019414575866188,12.019414575866188,28.0,5.970609318996416,5.970609318996416,0.0,False,False,4027
unit,Mesh,transpose,adaptive,0.125,0.11011458333333334,0.11005729166666667,12.042663891779396,12.042663891779396,28.0,5.967268943335541,5.967268943335541,0.0,False,False,4028
unit,Mesh,transpose,adaptive,0.15,0.13130729166666666,0.13133854166666667,12.136051723454047,12.136051723454047,28.0,5.992860259410575,5.992860259410575,0.0,False,False,4028
unit,Mesh,transpose,adaptive,0.175,0.15291145833333333,0.15297395833333333,12.2737831670016,12.2737831670016,28.0,6.034061105623489,6.034061105623489,0.0,False,False,4025
unit,Mesh,transpose,adaptive,0.2,0.1759375,0.1760625,12.297454114860864,12.297454114860864,28.0,6.013676731793961,6.013676731793961,0.0,False,False,4026
unit,Mesh,transpose,adaptive,0.225,0.19838020833333334,0.19836979166666666,12.337393998267217,12.337393998267217,28.0,5.985192575284203,5.985192575284203,0.0,False,False,4024
unit,Mesh,transpose,adaptive,0.25,0.218984375,0.21903125,12.472136996075633,12.472113212034724,29.0,5.994434534427399,5.994434534427399,0.0,False,False,4025
unit,Mesh,transpose,adaptive,0.275,0.24077604166666666,0.24074479166666668,12.659996971597915,12.659996971597915,29.0,6.004758917562569,6.004758917562569,0.0,False,False,4033
unit,Mesh,transpose,adaptive,0.3,0.26305208333333335,0.262984375,12.957292202906585,12.957272403278818,30.0,6.005821090563497,6.005821090563497,0.0,False,False,4028
unit,Mesh,transpose,adaptive,0.325,0.2846666666666667,0.28465625,13.522010392271662,13.521589578454332,32.0,6.004171545667448,6.004171545667448,0.0,False,False,4045
unit,Mesh,transpose,adaptive,0.35,0.305828125,0.30591666666666667,15.876564655392633,15.874759447538276,62.0,5.986716395033976,5.986716395033976,0.0001362421022156372,False,False,4067
unit,Mesh,transpose,adaptive,0.375,0.3283697916666667,0.3285,27.193347819880408,24.043301029390772,214.0,6.005424524561041,6.005424524561041,0.011245578695259092,False,False,4244
unit,Mesh,transpose,adaptive,0.4,0.35047395833333334,0.3428645833333333,121.85944628553595,31.22506724524825,2842.0,6.00318021726531,6.00318021726531,0.01833826217473362,False,False,9192
unit,Mesh,transpose,adaptive,0.425,0.37190625,0.3536302083333333,nan,nan,nan,6.006521983582593,6.006521983582593,0.025722478353761385,True,False,10000
unit,Torus,transpose,adaptive,0.01,0.008546875,0.008583333333333333,9.173065204143814,9.173065204143814,16.0,4.585009140767824,8.23034734917733,0.0,False,False,4006
unit,Torus,transpose,adaptive,0.025,0.022177083333333333,0.022203125,9.16486613433537,9.16486613433537,16.0,4.57867543447628,8.00845467355566,0.0,False,False,4016
unit,Torus,transpose,adaptive,0.05,0.043583333333333335,0.043604166666666666,9.167782026768643,9.167782026768643,16.0,4.576003824091778,7.998326959847036,0.0,False,False,4013
unit,Torus,transpose,adaptive,0.075,0.065328125,0.065328125,9.194371362512955,9.194371362512955,16.0,4.5853464083552575,8.08881447819501,0.0,False,False,4013
unit,Torus,transpose,adaptive,0.1,0.08702083333333334,0.08702604166666666,9.18655733780225,9.18655733780225,16.0,4.575293272683744,7.9961694996408905,0.0,False,False,4016
unit,Torus,transpose,adaptive,0.125,0.10881770833333333,0.10881770833333333,9.207390034939932,9.207390034939932,16.0,4.580960130187144,8.035992916287752,0.0,False,False,4014
unit,Torus,transpose,adaptive,0.15,0.130015625,0.13007291666666668,9.162320233946241,9.162320233946241,16.0,4.55089532508112,7.99351039538517,0.0,False,False,4016
unit,Torus,transpose,adaptive,0.175,0.15349479166666666,0.153484375,9.265311662312103,9.265311662312103,17.0,4.593261171999592,8.072817345865428,0.0,False,False,4016
unit,Torus,transpose,adaptive,0.2,0.17410416666666667,0.17414583333333333,9.272735431374896,9.272735431374896,17.0,4.587232260380519,8.045111882254398,0.0,False,False,4015
unit,Torus,transpose,adaptive,0.225,0.19647395833333334,0.19645833333333335,9.27640961747475,9.27640961747475,17.0,4.579169207115022,8.02412321395435,0.0,False,False,4018
unit,Torus,transpose,adaptive,0.25,0.21827083333333333,0.218265625,9.326262288823136,9.326262288823136,17.0,4.587525054882123,8.002433902834781,0.0,False,False,4016
unit,Torus,transpose,adaptive,0.275,0.24039583333333334,0.24050520833333333,9.331354536788282,9.331354536788282,17.0,4.571626657422653,8.038304879105642,0.0,False,False,4018
unit,Torus,transpose,adaptive,0.3,0.2615416666666667,0.26149479166666667,9.375736816950774,9.375736816950774,17.0,4.577624661462482,8.003106579576231,0.0,False,False,4017
unit,Torus,transpose,adaptive,0.325,0.28484375,0.28488541666666667,9.440537575425124,9.440537575425124,18.0,4.586469189979887,8.00029255805449,0.0,False,False,4017
unit,Torus,transpose,adaptive,0.35,0.305375,0.30532291666666667,9.528073407013235,9.528073407013235,18.0,4.602606085414108,8.057886478373584,0.0,False,False,4020
unit,Torus,transpose,adaptive,0.375,0.327203125,0.3273125,9.591407605494803,9.591407605494803,18.0,4.597679193925791,8.048039730671888,0.0,False,False,4016
unit,Torus,transpose,adaptive,0.4,0.3482864583333333,0.348265625,9.65648786469471,9.65648786469471,19.0,4.593171928040555,8.054582704012203,0.0,False,False,4018
unit,Torus,transpose,adaptive,0.425,0.3718958333333333,0.37190625,9.822881071088455,9.822881071088455,19.0,4.605260209512072,8.099686292084478,0.0,False,False,4018
unit,Torus,transpose,adaptive,0.45,0.39303645833333334,0.39301041666666664,9.964114864238104,9.964075109656388,20.0,4.615877979937188,8.109828657752805,0.0,False,False,4019
unit,Torus,transpose,adaptive,0.475,0.41511458333333334,0.41498958333333336,10.179794735389326,10.1794434267647,20.0,4.615342149506914,8.117613108830394,0.0,False,False,4020
unit,Torus,transpose,adaptive,0.5,0.437671875,0.437703125,10.44025561386598,10.44001761212857,21.0,4.620637130651054,8.113479228398367,0.0,False,False,4022
unit,Torus,transpose,adaptive,0.525,0.4586875,0.4586145833333333,10.882556660762138,10.87934323477313,23.0,4.61915792342281,8.107712222373621,1.1354862151973475e-05,False,False,4021
unit,Torus,transpose,adaptive,0.55,0.4803541666666667,0.48044270833333336,11.566812681615128,11.563375547556056,26.0,4.6307195211866246,8.112720648826821,0.00020601118966040682,False,False,4028
unit,Torus,transpose,adaptive,0.575,0.5033697916666666,0.5032604166666667,13.28846213539996,13.241290469440335,40.0,4.634246277690979,8.128384740343725,0.003704201889349902,False,False,4047
unit,Torus,transpose,adaptive,0.6,0.5268229166666667,0.524109375,27.167988136431042,18.553366287691546,296.0,4.6365793376174,8.155551161641126,0.037696490360850224,False,False,4617
unit,Torus,transpose,adaptive,0.625,0.5469791666666667,0.53784375,71.83818320319939,24.197486193106077,1095.0,4.656693963054656,8.226471148352696,0.0821748238430775,False,False,5981
unit,Torus,transpose,adaptive,0.65,0.5693697916666667,0.5486979166666667,159.4400241495074,28.988977213476158,2738.0,4.698579386931823,8.348063923014298,0.10096140652585553,False,False,8320
unit,Torus,transpose,adaptive,0.675,0.5910520833333334,0.5593489583333333,nan,nan,nan,4.724582507160167,8.391733862084159,0.10316809870015421,True,False,10000
unit,Modified torus,transpose,adaptive,0.01,0.00853125,0.008505208333333333,8.523809523809524,8.523809523809524,16.0,4.26007326007326,7.507936507936508,0.0,False,False,4009
unit,Modified torus,transpose,adaptive,0.025,0.022213541666666666,0.022234375,8.698475967174678,8.698475967174678,16.0,4.343259085580304,7.7031652989449,0.0,False,False,4009
unit,Modified torus,transpose,adaptive,0.05,0.043734375,0.04376041666666667,8.5535310229844,8.5535310229844,16.0,4.2646183160652615,7.502679528403001,0.0,False,False,4010
unit,Modified torus,transpose,adaptive,0.075,0.065296875,0.06529166666666666,8.600542394512244,8.600542394512244,16.0,4.279014118210098,7.553003110792056,0.0,False,False,4016
unit,Modified torus,transpose,adaptive,0.1,0.0876875,0.087640625,8.638156331670231,8.638156331670231,16.0,4.289498693276313,7.537538607745308,0.0,False,False,4016
unit,Modified torus,transpose,adaptive,0.125,0.109421875,0.10940625,8.694178685325337,8.694178685325337,16.0,4.305107334951687,7.574944071588367,0.0,False,False,4015
unit,Modified torus,transpose,adaptive,0.15,0.13147395833333334,0.13150520833333335,8.720120429425979,8.720120429425979,16.0,4.299885116666006,7.584439250485283,0.0,False,False,4015
unit,Modified torus,transpose,adaptive,0.175,0.15326041666666668,0.15317708333333332,8.722524298239652,8.722524298239652,17.0,4.2851899680554615,7.539454903826548,0.0,False,False,4018
unit,Modified torus,transpose,adaptive,0.2,0.17605729166666667,0.17611979166666666,8.778865781143686,8.778865781143686,17.0,4.289796763600864,7.5438274709345325,0.0,False,False,4017
unit,Modified torus,transpose,adaptive,0.225,0.198140625,0.198140625,8.848171805588413,8.848145519543674,17.0,4.294140840627711,7.542412533186131,0.0,False,False,4015
unit,Modified torus,transpose,adaptive,0.25,0.21877604166666667,0.218734375,8.965147006308772,8.965147006308772,18.0,4.305058921556958,7.546101654564933,0.0,False,False,4020
unit,Modified torus,transpose,adaptive,0.275,0.24178645833333334,0.241734375,9.090903216078237,9.090903216078237,19.0,4.3024362923550825,7.515541865023803,0.0,False,False,4018
unit,Modified torus,transpose,adaptive,0.3,0.2627760416666667,0.2628020833333333,9.27633639228589,9.276098547162706,20.0,4.312330287594395,7.507264186470577,0.0,False,False,4022
unit,Modified torus,transpose,adaptive,0.325,0.2839010416666667,0.284,10.089801684125558,10.08158285787668,33.0,4.320570914894788,7.538938523913482,3.6691188611055056e-05,False,False,4019
unit,Modified torus,transpose,adaptive,0.35,0.30472916666666666,0.3046510416666667,13.521706433308266,12.628785807069118,95.0,4.314350174335134,7.4684487591440485,0.0031448690777329596,False,False,4152
unit,Modified torus,transpose,adaptive,0.375,0.32561979166666666,0.3232083333333333,33.50946112381836,15.22538748220541,638.0,4.327580415553672,7.4576368783889695,0.004222716294246549,False,False,4890
unit,Modified torus,transpose,adaptive,0.4,0.34982291666666665,0.342625,88.18262216002144,15.723937706577733,1814.0,4.333591400410922,7.444540392460471,0.0017717297442158234,False,False,6472
unit,Modified torus,transpose,adaptive,0.425,0.3716979166666667,0.360359375,148.01674466832947,16.652047193341367,2932.0,4.347420340218031,7.4734747638931704,0.004203682425805005,False,False,8662
unit,Modified torus,transpose,adaptive,0.45,0.393703125,0.3783020833333333,nan,nan,nan,4.358589148729675,7.43900979831687,0.007126048632622944,True,False,10000
unit,Searched (wire 208),transpose,adaptive,0.01,0.00853125,0.008515625,6.645299145299146,6.645299145299146,14.0,3.3211233211233213,8.10989010989011,0.0,False,False,4006
unit,Searched (wire 208),transpose,adaptive,0.025,0.022072916666666668,0.022067708333333335,6.571967909391223,6.571967909391223,14.0,3.2800849457291177,7.886739027843323,0.0,False,False,4008
unit,Searched (wire 208),transpose,adaptive,0.05,0.043791666666666666,0.043828125,6.610608943862988,6.610608943862988,14.0,3.294957183634634,8.004043767840152,0.0,False,False,4009
unit,Searched (wire 208),transpose,adaptive,0.075,0.06522395833333333,0.06526041666666667,6.596981553940749,6.596981553940749,14.0,3.281721632196758,7.947776091990737,0.0,False,False,4013
unit,Searched (wire 208),transpose,adaptive,0.1,0.08666666666666667,0.08665625,6.66640625,6.66640625,14.0,3.3048076923076923,8.03954326923077,0.0,False,False,4011
unit,Searched (wire 208),transpose,adaptive,0.125,0.10971354166666666,0.109671875,6.740232613339663,6.740232613339663,14.0,3.3292190837882742,8.088867790173273,0.0,False,False,4012
unit,Searched (wire 208),transpose,adaptive,0.15,0.13302604166666668,0.133,6.757996946086684,6.757996946086684,15.0,3.326024822833875,8.07070983908226,0.0,False,False,4012
unit,Searched (wire 208),transpose,adaptive,0.175,0.15351041666666668,0.15349479166666666,6.805591368663907,6.805591368663907,15.0,3.3320553708353127,8.094659700074642,0.0,False,False,4016
unit,Searched (wire 208),transpose,adaptive,0.2,0.17609895833333333,0.176125,6.847948892372305,6.847682706811392,16.0,3.329922214663867,8.045724764130016,0.0,False,False,4016
unit,Searched (wire 208),transpose,adaptive,0.225,0.19786979166666666,0.19777604166666668,6.949961833065726,6.9499091890184514,16.0,3.354636624463689,8.121291884920113,0.0,False,False,4016
unit,Searched (wire 208),transpose,adaptive,0.25,0.21975520833333334,0.21972916666666667,7.011968809992179,7.010665276230655,17.0,3.3411229350840186,8.107790391771147,0.0,False,False,4020
unit,Searched (wire 208),transpose,adaptive,0.275,0.24117708333333332,0.24121875,7.216408240832721,7.187686260959703,18.0,3.3622424739774543,8.160497559711484,0.0,False,False,4015
unit,Searched (wire 208),transpose,adaptive,0.3,0.26315104166666664,0.2632291666666667,7.4150816427511135,7.376724393864423,20.0,3.3662147451756557,8.13882236516576,0.0,False,False,4017
unit,Searched (wire 208),transpose,adaptive,0.325,0.28463541666666664,0.2845729166666667,8.257456541628546,7.835736505032022,46.0,3.3785178408051233,8.175150960658737,0.0,False,False,4068
unit,Searched (wire 208),transpose,adaptive,0.35,0.30578125,0.3040729166666667,26.382064384261625,8.753125532277295,912.0,3.396525293817067,8.220609776869358,0.00020439448134900357,False,False,5645
unit,Searched (wire 208),transpose,adaptive,0.375,0.3287864583333333,0.3251354166666667,57.223929538866095,10.184596131607712,2436.0,3.4295626277187257,8.261092717854483,0.0007920541131370096,False,False,7993
unit,Searched (wire 208),transpose,adaptive,0.4,0.3488072916666667,0.3438541666666667,nan,nan,nan,3.4591568347486286,8.224302998421884,0.010235214548733749,True,False,10000
unit,Mesh,bit_complement,adaptive,0.01,0.010010416666666667,0.010010416666666667,16.01248699271592,16.01248699271592,28.0,7.9937565036420395,7.9937565036420395,0.0,False,False,4019
unit,Mesh,bit_complement,adaptive,0.025,0.024708333333333332,0.024729166666666667,16.170531197301855,16.170531197301855,28.0,8.04258010118044,8.04258010118044,0.0,False,False,4024
unit,Mesh,bit_complement,adaptive,0.05,0.04918229166666667,0.04922395833333333,16.254580112252462,16.254580112252462,28.0,8.013555014296305,8.013555014296305,0.0,False,False,4023
unit,Mesh,bit_complement,adaptive,0.075,0.07432291666666667,0.07422916666666667,16.342676944639102,16.342676944639102,28.0,7.955290819901892,7.955290819901892,0.0,False,False,4025
unit,Mesh,bit_complement,adaptive,0.1,0.10008333333333333,0.10000520833333333,16.74365112406328,16.74365112406328,29.0,7.9694004995836805,7.9694004995836805,0.0,False,False,4027
unit,Mesh,bit_complement,adaptive,0.125,0.12436458333333333,0.12438541666666666,17.646745958623,17.646745958623,30.0,8.006952006030655,8.006952006030655,0.0,False,False,4027
unit,Mesh,bit_complement,adaptive,0.15,0.149515625,0.14960416666666668,19.988434876510954,19.988434876510954,44.0,8.003901487442088,8.003901487442088,0.0017417354652175428,False,False,4061
unit,Mesh,bit_complement,adaptive,0.175,0.17386979166666666,0.1741875,32.388491148189196,32.380792618997695,96.0,8.016355630111134,8.016355630111134,0.04061947697930084,False,False,4091
unit,Mesh,bit_complement,adaptive,0.2,0.20121354166666666,0.08882291666666667,nan,nan,nan,7.604215979634675,7.604215979634675,0.41163860479657005,True,False,10000
unit,Torus,bit_complement,adaptive,0.01,0.009901041666666667,0.009864583333333333,7.9947396107311945,7.9947396107311945,12.0,3.993687532877433,10.176749079431877,0.0,False,False,4011
unit,Torus,bit_complement,adaptive,0.025,0.025307291666666665,0.025302083333333333,8.065445564931055,8.065445564931055,12.0,4.0255196542498455,10.015641078411196,0.0,False,False,4011
unit,Torus,bit_complement,adaptive,0.05,0.049880208333333335,0.04990625,8.086979221050433,8.086979221050433,12.0,4.02359820403049,9.997285162368174,0.0,False,False,4012
unit,Torus,bit_complement,adaptive,0.075,0.07455208333333334,0.07457291666666667,8.096409109962275,8.096409109962275,12.0,4.015090121559313,10.04652787480788,0.0,False,False,4011
unit,Torus,bit_complement,adaptive,0.1,0.099984375,0.09996875,8.181174141792988,8.181174141792988,13.0,4.038443506797937,10.036255664947648,0.0,False,False,4012
unit,Torus,bit_complement,adaptive,0.125,0.124484375,0.1244375,8.24032467260784,8.24032467260784,14.0,4.048617212668926,10.077235262122924,0.0,False,False,4013
unit,Torus,bit_complement,adaptive,0.15,0.15,0.15004166666666666,8.335451388888888,8.335451388888888,16.0,4.064166666666667,10.11375,0.0,False,False,4013
unit,Torus,bit_complement,adaptive,0.175,0.17568229166666666,0.175765625,8.466692360143488,8.466692360143488,16.0,4.088583202395423,10.154042275651477,0.0,False,False,4014
unit,Torus,bit_complement,adaptive,0.2,0.20074479166666667,0.20074479166666667,8.599719793477416,8.599719793477416,16.0,4.099110084840309,10.120125574034196,0.0,False,False,4016
unit,Torus,bit_complement,adaptive,0.225,0.2245625,0.22452083333333334,8.764356619352444,8.764356619352444,16.0,4.119166898599128,10.168290193895537,0.0,False,False,4016
unit,Torus,bit_complement,adaptive,0.25,0.25169270833333335,0.251671875,9.066363166063114,9.066363166063114,17.0,4.1425763062597,10.233957578892912,0.0,False,False,4015
unit,Torus,bit_complement,adaptive,0.275,0.2760416666666667,0.27605729166666665,9.428056603773586,9.428056603773586,20.0,4.160188679245283,10.262754716981132,0.0001320754716981132,False,False,4016
unit,Torus,bit_complement,adaptive,0.3,0.3011302083333333,0.300984375,10.042444263797845,10.042426967846827,23.0,4.187349741425532,10.29340851306709,0.0006053582856253351,False,False,4029
unit,Torus,bit_complement,adaptive,0.325,0.32429166666666664,0.32424479166666664,11.07296351021457,11.072690479249646,29.0,4.226101760246691,10.346171142233072,0.002537581909289477,False,False,4037
unit,Torus,bit_complement,adaptive,0.35,0.34927604166666665,0.34903645833333335,24.44978452453736,16.248833151906474,477.0,4.3578234741504005,10.502408255170666,0.04858263372153711,False,False,4456
unit,Torus,bit_complement,adaptive,0.375,0.3746875,0.36908854166666666,76.90643591882124,28.063413956074506,1164.0,4.698415346121768,10.923686405337781,0.14546844592716152,False,False,6474
unit,Torus,bit_complement,adaptive,0.4,0.399859375,0.37116666666666664,nan,nan,nan,4.727625597540802,11.067041798548969,0.20938350722259128,True,False,8952
unit,Modified torus,bit_complement,adaptive,0.01,0.009739583333333333,0.009770833333333333,10.325133689839571,10.325133689839571,16.0,5.154010695187166,11.075935828877006,0.0,False,False,4012
unit,Modified torus,bit_complement,adaptive,0.025,0.024947916666666667,0.024947916666666667,10.60438413361169,10.60438413361169,16.0,5.2622129436325675,11.486847599164927,0.0,False,False,4016
unit,Modified torus,bit_complement,adaptive,0.05,0.05063541666666667,0.05061458333333333,10.789549475416582,10.789549475416582,17.0,5.279366385517383,11.423781114996915,0.0,False,False,4017
unit,Modified torus,bit_complement,adaptive,0.075,0.07427083333333333,0.07420833333333333,11.13295932678822,11.13295932678822,19.0,5.327769985974754,11.393688639551192,0.0,False,False,4016
unit,Modified torus,bit_complement,adaptive,0.1,0.09936979166666667,0.09925520833333333,12.14246029666125,12.14246029666125,26.0,5.3290004717228365,11.418837465275958,0.000786204727711096,False,False,4022
unit,Modified torus,bit_complement,adaptive,0.125,0.12547395833333333,0.10515104166666667,nan,nan,nan,5.392268281322776,10.552957615277132,0.053656264555193296,True,False,10000
unit,Searched (wire 208),bit_complement,adaptive,0.01,0.009729166666666667,0.00971875,9.335117773019272,9.335117773019272,14.0,4.660064239828694,12.16595289079229,0.0,False,False,4012
unit,Searched (wire 208),bit_complement,adaptive,0.025,0.02509375,0.025041666666666667,9.443129929431299,9.443129929431299,14.0,4.702781237027812,12.110834371108345,0.0,False,False,4012
unit,Searched (wire 208),bit_complement,adaptive,0.05,0.05028125,0.05033854166666667,9.52320281748498,9.52320281748498,15.0,4.717837165941579,12.117049927491195,0.0,False,False,4013
unit,Searched (wire 208),bit_complement,adaptive,0.075,0.075,0.07496875,9.622777777777777,9.622777777777777,16.0,4.731875,12.169722222222223,0.0,False,False,4011
unit,Searched (wire 208),bit_complement,adaptive,0.1,0.10083333333333333,0.10084895833333334,9.79400826446281,9.79400826446281,16.0,4.760227272727272,12.265495867768594,0.0,False,False,4015
unit,Searched (wire 208),bit_complement,adaptive,0.125,0.12405729166666667,0.12405208333333333,9.998068768630086,9.998068768630086,17.0,4.802468617490239,12.253830975271843,0.0,False,False,4014
unit,Searched (wire 208),bit_complement,adaptive,0.15,0.15039583333333334,0.15055208333333334,10.245220944729187,10.24518631389389,18.0,4.807279401579166,12.22191439257515,0.0,False,False,4015
unit,Searched (wire 208),bit_complement,adaptive,0.175,0.17584375,0.17578125,10.934630649843019,10.923523487945028,23.0,4.835910194893668,12.28446182098217,8.885729518393461e-05,False,False,4050
unit,Searched (wire 208),bit_complement,adaptive,0.2,0.20046354166666666,0.2004375,13.014107926940165,12.839122866273481,55.0,4.864896463924758,12.329288887734158,0.010574449842812233,False,False,4050
unit,Searched (wire 208),bit_complement,adaptive,0.225,0.22598958333333333,0.22392708333333333,41.372205577321964,17.885595759391563,918.0,4.896865637243605,12.272689559806407,0.023599907812860105,False,False,6733
unit,Searched (wire 208),bit_complement,adaptive,0.25,0.25025,0.244796875,107.77922077922078,22.364385614385615,2067.0,4.991279553779553,12.512445887445887,0.043435730935730936,False,False,8050
unit,Searched (wire 208),bit_complement,adaptive,0.275,0.27775520833333334,0.26226041666666666,nan,nan,nan,5.347835055412831,12.9600390046318,0.09554259568323739,True,False,10000
unit,Mesh,tornado,adaptive,0.01,0.009744791666666667,0.009744791666666667,7.501336183858899,7.501336183858899,10.0,3.745056119722074,3.745056119722074,0.0,False,False,4006
unit,Mesh,tornado,adaptive,0.025,0.025015625,0.025015625,7.541120133250052,7.541120133250052,11.0,3.750780762023735,3.750780762023735,0.0,False,False,4009
unit,Mesh,tornado,adaptive,0.05,0.0500625,0.050078125,7.580212234706616,7.580212234706616,11.0,3.752808988764045,3.752808988764045,0.0,False,False,4010
unit,Mesh,tornado,adaptive,0.075,0.074984375,0.07502083333333333,7.664096686809752,7.664096686809752,11.0,3.764881572549837,3.764881572549837,0.0,False,False,4010
unit,Mesh,tornado,adaptive,0.1,0.10013020833333333,0.10021875,7.706840052015605,7.706840052015605,12.0,3.7545383615084527,3.7545383615084527,0.0,False,False,4010
unit,Mesh,tornado,adaptive,0.125,0.12411979166666667,0.12405729166666667,7.777726490705383,7.777726490705383,12.0,3.7522135034199153,3.7522135034199153,0.0,False,False,4012
unit,Mesh,tornado,adaptive,0.15,0.14966666666666667,0.14966666666666667,7.915228285077951,7.915228285077951,13.0,3.7513223830734965,3.7513223830734965,0.0,False,False,4011
unit,Mesh,tornado,adaptive,0.175,0.17579166666666668,0.175828125,8.084735719364778,8.084706091490874,14.0,3.756932922493482,3.756932922493482,0.0,False,False,4012
unit,Mesh,tornado,adaptive,0.2,0.20040625,0.20048958333333333,8.28374655647383,8.283616612090025,15.0,3.7493112947658402,3.7493112947658402,2.59888767607464e-05,False,False,4010
unit,Mesh,tornado,adaptive,0.225,0.22763020833333333,0.22758333333333333,8.879510353506463,8.879075620638371,21.0,3.7484727147923578,3.7484727147923578,0.0022880677268047136,False,False,4016
unit,Mesh,tornado,adaptive,0.25,0.25155208333333334,0.25152083333333336,9.754896683092468,9.753302414178641,31.0,3.746863224150068,3.746863224150068,0.006025094206799453,False,False,4019
unit,Mesh,tornado,adaptive,0.275,0.276671875,0.27594270833333334,19.756122813953052,14.781254117957117,142.0,3.75100242841814,3.75100242841814,0.061538751153027996,False,False,4589
unit,Mesh,tornado,adaptive,0.3,0.301546875,0.2764010416666667,nan,nan,nan,3.7703303346015717,3.7703303346015717,0.15912242648366107,True,False,10000
unit,Torus,tornado,adaptive,0.01,0.009703125,0.009708333333333333,6.039720880300591,6.039720880300591,7.0,3.0107353730542137,5.422973698336017,0.0,False,False,4006
unit,Torus,tornado,adaptive,0.025,0.025,0.025005208333333334,6.070208333333333,6.070208333333333,7.0,3.0116666666666667,5.340416666666667,0.0,False,False,4006
unit,Torus,tornado,adaptive,0.05,0.049833333333333334,0.049817708333333335,6.16450668896321,6.16450668896321,10.0,3.029473244147157,5.368520066889632,0.0,False,False,4009
unit,Torus,tornado,adaptive,0.075,0.07464583333333333,0.074625,6.271211275467485,6.271211275467485,10.0,3.0478649176667596,5.4441808540329335,0.0,False,False,4006
unit,Torus,tornado,adaptive,0.1,0.09980729166666667,0.09980208333333333,6.406825653603298,6.406825653603298,10.0,3.0628294108438134,5.4665240306841305,0.0,False,False,4010
unit,Torus,tornado,adaptive,0.125,0.12566145833333334,0.125578125,6.564761470551664,6.564761470551664,11.0,3.0785841588262115,5.4967878310606375,0.0,False,False,4009
unit,Torus,tornado,adaptive,0.15,0.15058333333333335,0.15063020833333332,6.766463752075263,6.766429164360819,12.0,3.098367459878251,5.595116214720531,0.0,False,False,4015
unit,Torus,tornado,adaptive,0.175,0.17566145833333333,0.175703125,7.056038188988051,7.056008539152607,14.0,3.10519761615323,5.603255551931687,0.0,False,False,4009
unit,Torus,tornado,adaptive,0.2,0.20016666666666666,0.20002083333333334,7.488473147377186,7.488134887593672,16.0,3.124011240632806,5.673917568692756,0.00010407993338884263,False,False,4021
unit,Torus,tornado,adaptive,0.225,0.22671875,0.22666145833333334,8.221915920055135,8.221663220767287,22.0,3.1436710314725476,5.741189983919136,0.0007121525384792098,False,False,4024
unit,Torus,tornado,adaptive,0.25,0.25026041666666665,0.2502447916666667,9.754630593132154,9.752216441207075,38.0,3.162372528616025,5.80624349635796,0.009344432882414152,False,False,4046
unit,Torus,tornado,adaptive,0.275,0.2755052083333333,0.27346875,70.63190729152882,22.03646709643269,1768.0,3.337145773862412,6.305442652702422,0.15150197553736508,False,False,7741
unit,Torus,tornado,adaptive,0.3,0.30108854166666665,0.26486458333333335,nan,nan,nan,3.5677355383607487,6.956725746764169,0.4442162296155957,True,False,10000
unit,Modified torus,tornado,adaptive,0.01,0.00978125,0.009786458333333333,6.708732694355698,6.708732694355698,10.0,3.351437699680511,4.578274760383387,0.0,False,False,4008
unit,Modified torus,tornado,adaptive,0.025,0.024880208333333334,0.024880208333333334,6.850743144232782,6.850743144232782,10.0,3.4195101528155747,4.616495708603726,0.0,False,False,4013
unit,Modified torus,tornado,adaptive,0.05,0.049916666666666665,0.04993229166666667,6.852566777963272,6.852566777963272,11.0,3.411727879799666,4.60830550918197,0.0,False,False,4007
unit,Modified torus,tornado,adaptive,0.075,0.07477083333333333,0.07478645833333333,6.947478406241292,6.947478406241292,14.0,3.4469211479520756,4.6503204235163,0.0,False,False,4010
unit,Modified torus,tornado,adaptive,0.1,0.099859375,0.09988020833333333,6.982527512647994,6.982527512647994,14.0,3.454806237938768,4.68100975329891,0.0,False,False,4022
unit,Modified torus,tornado,adaptive,0.125,0.12528645833333332,0.12532291666666667,7.119060486385367,7.119060486385367,14.0,3.504759925171482,4.710995635003118,0.0,False,False,4010
unit,Modified torus,tornado,adaptive,0.15,0.15070833333333333,0.150640625,7.247995576444567,7.247995576444567,14.0,3.548935581974012,4.781103124136024,0.0,False,False,4013
unit,Modified torus,tornado,adaptive,0.175,0.1754375,0.175453125,7.356103788148676,7.356103788148676,15.0,3.5758223488896808,4.837133357083482,0.0,False,False,4013
unit,Modified torus,tornado,adaptive,0.2,0.201734375,0.20175520833333332,7.525417602561124,7.525417602561124,18.0,3.6154441948725893,4.890377714093925,0.0,False,False,4018
unit,Modified torus,tornado,adaptive,0.225,0.22575520833333335,0.22583333333333333,7.734363825124005,7.734363825124005,18.0,3.659314799861576,4.943338331987542,6.921213519437074e-05,False,False,4017
unit,Modified torus,tornado,adaptive,0.25,0.24995833333333334,0.24998958333333332,8.077679613268877,8.077679613268877,22.0,3.7025337556259377,4.992707117852976,0.00045840973495582597,False,False,4018
unit,Modified torus,tornado,adaptive,0.275,0.27541145833333336,0.2755,8.688401823029936,8.688269445337468,29.0,3.7748255451124266,5.092929140112332,0.003328353410616691,False,False,4027
unit,Modified torus,tornado,adaptive,0.3,0.3007708333333333,0.3006979166666667,9.99778347302071,9.997575673616403,46.0,3.905382004571587,5.284027152455496,0.014026459790815266,False,False,4114
unit,Modified torus,tornado,adaptive,0.325,0.323859375,0.323875,11.584873192775929,11.582557372830928,59.0,4.055853074090156,5.4719126421254085,0.033402486290024284,False,False,4096
unit,Modified torus,tornado,adaptive,0.35,0.350625,0.35091666666666665,14.03887403446227,14.02278669043375,83.0,4.224331550802139,5.718389780154486,0.05797682709447415,False,False,4080
unit,Modified torus,tornado,adaptive,0.375,0.37366666666666665,0.373609375,15.694023193577163,15.635941681534344,90.0,4.31071587867975,5.849966547725245,0.07572758697591436,False,False,4137
unit,Modified torus,tornado,adaptive,0.4,0.3994947916666667,0.3930416666666667,60.96163122694028,24.442850996701562,1230.0,4.403986806252689,6.035526641721966,0.1531491597460334,False,False,6656
unit,Modified torus,tornado,adaptive,0.425,0.4256666666666667,0.41475520833333335,101.10821260767423,25.57316953797964,1524.0,4.437646828504307,6.018035434612373,0.19983359436178544,False,False,6205
unit,Modified torus,tornado,adaptive,0.45,0.451765625,0.39448958333333334,nan,nan,nan,4.584597907324365,6.08627802690583,0.3020747384155456,True,False,10000
unit,Searched (wire 208),tornado,adaptive,0.01,0.009796875,0.009765625,6.788410419989368,6.788410419989368,10.0,3.391812865497076,5.270069112174375,0.0,False,False,4008
unit,Searched (wire 208),tornado,adaptive,0.025,0.024953125,0.024979166666666667,6.837194740137758,6.837194740137758,10.0,3.4078480484241287,5.212481736589439,0.0,False,False,4009
unit,Searched (wire 208),tornado,adaptive,0.05,0.05034375,0.05034375,6.893647837781916,6.893647837781916,10.0,3.425098282640182,5.272708462652597,0.0,False,False,4008
unit,Searched (wire 208),tornado,adaptive,0.075,0.074734375,0.07472916666666667,6.971356888981811,6.971356888981811,10.0,3.4473482472646175,5.323506864589867,0.0,False,False,4010
unit,Searched (wire 208),tornado,adaptive,0.1,0.09974479166666667,0.09972916666666666,7.0458461699127986,7.0458461699127986,12.0,3.464205524515691,5.354341809827163,0.0,False,False,4011
unit,Searched (wire 208),tornado,adaptive,0.125,0.12555729166666665,0.1255,7.132990417720994,7.132990417720994,12.0,3.4816858173974365,5.392334176795122,0.0,False,False,4009
unit,Searched (wire 208),tornado,adaptive,0.15,0.151015625,0.15104166666666666,7.228004828418693,7.228004828418693,14.0,3.496602862562511,5.4151750301776165,0.0,False,False,4011
unit,Searched (wire 208),tornado,adaptive,0.175,0.17699479166666668,0.17700520833333333,7.403672424447518,7.403672424447518,14.0,3.527911014330695,5.429214607303652,0.0,False,False,4011
unit,Searched (wire 208),tornado,adaptive,0.2,0.20177083333333334,0.201765625,7.565152297367063,7.565074858027878,15.0,3.546566855962829,5.484563758389262,2.581311306143521e-05,False,False,4014
unit,Searched (wire 208),tornado,adaptive,0.225,0.22546354166666666,0.22557291666666668,7.867864815542054,7.867864815542054,17.0,3.5920210677077318,5.5378271616345955,9.240222689366813e-05,False,False,4014
unit,Searched (wire 208),tornado,adaptive,0.25,0.251359375,0.25127604166666667,8.432896127307764,8.431880814736537,22.0,3.6419261929922713,5.622034354862104,0.002465759101551978,False,False,4026
unit,Searched (wire 208),tornado,adaptive,0.275,0.276640625,0.27694270833333334,9.655746964134424,9.652056857761462,42.0,3.7375129436129155,5.729097241833757,0.01263296620540337,False,False,4038
unit,Searched (wire 208),tornado,adaptive,0.3,0.3006979166666667,0.2990364583333333,30.310804725118647,16.67679357051304,901.0,4.135847161118232,6.2298472304014965,0.08650015588734541,False,False,4937
unit,Searched (wire 208),tornado,adaptive,0.325,0.3258802083333333,0.2627291666666667,nan,nan,nan,4.646572557443707,6.6421803674862865,0.25768153745828376,True,False,10000
wire,Mesh,uniform,adaptive,0.01,0.009963541666666667,0.00996875,10.565603763721903,10.565603763721903,24.0,5.273392577104025,5.273392577104025,0.0,False,False,4009
wire,Mesh,uniform,adaptive,0.025,0.024984375,0.025,10.628309360016678,10.628309360016678,24.0,5.2978945174067125,5.2978945174067125,0.0,False,False,4018
wire,Mesh,uniform,adaptive,0.05,0.050067708333333336,0.050109375,10.642151253510871,10.642151253510871,24.0,5.274732133569125,5.274732133569125,0.0,False,False,4017
wire,Mesh,uniform,adaptive,0.075,0.0746875,0.074703125,10.879009762900976,10.879009762900976,24.0,5.364295676429568,5.364295676429568,0.0,False,False,4021
wire,Mesh,uniform,adaptive,0.1,0.09945833333333333,0.0994375,10.906577293674069,10.906577293674069,24.0,5.341432760787599,5.341432760787599,0.0,False,False,4024
wire,Mesh,uniform,adaptive,0.125,0.124328125,0.1243125,10.944535210087555,10.944535210087555,24.0,5.31297390138662,5.31297390138662,0.0,False,False,4019
wire,Mesh,uniform,adaptive,0.15,0.150671875,0.15066666666666667,11.138234989111272,11.138234989111272,24.0,5.355352760206022,5.355352760206022,0.0,False,False,4020
wire,Mesh,uniform,adaptive,0.175,0.17546354166666667,0.17549479166666668,11.201994716376266,11.201994716376266,24.0,5.331473181157055,5.331473181157055,0.0,False,False,4022
wire,Mesh,uniform,adaptive,0.2,0.19996354166666666,0.19999479166666667,11.331753184174199,11.331753184174199,25.0,5.321074154142682,5.321074154142682,0.0,False,False,4023
wire,Mesh,uniform,adaptive,0.225,0.22459375,0.224640625,11.566091554195074,11.566091554195074,26.0,5.345206623069431,5.345206623069431,0.0,False,False,4024
wire,Mesh,uniform,adaptive,0.25,0.24949479166666666,0.24963541666666667,11.776840698912386,11.776694570277435,26.0,5.329937582197357,5.329937582197357,0.0,False,False,4022
wire,Mesh,uniform,adaptive,0.275,0.27411979166666667,0.274140625,12.072447796925767,12.072181793999734,27.0,5.312971442685869,5.312971442685869,0.0,False,False,4024
wire,Mesh,uniform,adaptive,0.3,0.29955729166666667,0.29969270833333334,12.580109536642615,12.579570546813875,29.0,5.331374424063288,5.331374424063288,1.7386768669042858e-05,False,False,4024
wire,Mesh,uniform,adaptive,0.325,0.32403125,0.3239635416666667,13.274359468929823,13.272928922750506,31.0,5.3435078921143155,5.3435078921143155,0.0001446619731893143,False,False,4041
wire,Mesh,uniform,adaptive,0.35,0.3473645833333333,0.34748958333333335,14.310282784058536,14.306744234863706,37.0,5.334063034155996,5.334063034155996,0.0005097909856958646,False,False,4032
wire,Mesh,uniform,adaptive,0.375,0.374671875,0.3745572916666667,16.880450950136925,16.870108567218537,53.0,5.34039506790664,5.34039506790664,0.006324978800895228,False,False,4069
wire,Mesh,uniform,adaptive,0.4,0.3999010416666667,0.40058333333333335,24.039462887954052,23.948164259387088,91.0,5.342324272932106,5.342324272932106,0.0506375275133171,False,False,4120
wire,Mesh,uniform,adaptive,0.425,0.423484375,0.4141770833333333,119.00598949685767,47.133761330234044,1257.0,5.330738294653728,5.330738294653728,0.1892410434269269,False,False,6389
wire,Mesh,uniform,adaptive,0.45,0.44969270833333336,0.4055625,nan,nan,nan,5.330298531697246,5.330298531697246,0.28028809352601425,True,False,10000
wire,Torus,uniform,adaptive,0.01,0.009817708333333333,0.0098125,9.6053050397878,9.6053050397878,20.0,4.0567639257294426,7.023342175066313,0.0,False,False,4018
wire,Torus,uniform,adaptive,0.025,0.02521875,0.025208333333333333,9.64023130937629,9.64023130937629,20.0,4.052457662123089,7.064849235852954,0.0,False,False,4015
wire,Torus,uniform,adaptive,0.05,0.04997395833333333,0.05001041666666667,9.718499218342886,9.718499218342886,20.0,4.076289734236582,7.100364773319437,0.0,False,False,4015
wire,Torus,uniform,adaptive,0.075,0.07515625,0.075125,9.741164241164242,9.741164241164242,20.0,4.075606375606376,7.0781011781011784,0.0,False,False,4022
wire,Torus,uniform,adaptive,0.1,0.09946354166666667,0.09946354166666667,9.71880400062837,9.71880400062837,20.0,4.042519767502749,7.07095355291407,0.0,False,False,4016
wire,Torus,uniform,adaptive,0.125,0.12442708333333333,0.12439583333333333,9.781791544579322,9.781791544579322,20.0,4.06123901213897,7.0720385098367515,0.0,False,False,4020
wire,Torus,uniform,adaptive,0.15,0.15045833333333333,0.15040104166666668,9.87925782331764,9.87925782331764,20.0,4.07664081971753,7.111118803655497,0.0,False,False,4015
wire,Torus,uniform,adaptive,0.175,0.17448958333333334,0.17451041666666667,9.958838278311742,9.958838278311742,20.0,4.099576144707779,7.123395618172049,0.0,False,False,4014
wire,Torus,uniform,adaptive,0.2,0.200015625,0.20018229166666668,9.97742363877822,9.97742363877822,20.0,4.087206728640991,7.107595760747858,0.0,False,False,4022
wire,Torus,uniform,adaptive,0.225,0.22455729166666666,0.224625,10.041377710773512,10.041377710773512,20.0,4.089713556766786,7.119007306041981,0.0,False,False,4018
wire,Torus,uniform,adaptive,0.25,0.24968229166666667,0.24956770833333333,10.162435595235612,10.162435595235612,21.0,4.110703185297983,7.160203592064915,0.0,False,False,4021
wire,Torus,uniform,adaptive,0.275,0.274875,0.2748333333333333,10.165491890253145,10.165491890253145,21.0,4.084868121873579,7.097601182355616,0.0,False,False,4020
wire,Torus,uniform,adaptive,0.3,0.3006510416666667,0.3006041666666667,10.293252490255522,10.293252490255522,21.0,4.102156777825899,7.143265482893027,0.0,False,False,4019
wire,Torus,uniform,adaptive,0.325,0.3241875,0.32421875,10.399171004434162,10.399171004434162,22.0,4.11617183985605,7.144608315660947,0.0,False,False,4018
wire,Torus,uniform,adaptive,0.35,0.35,0.34996875,10.465714285714286,10.465714285714286,22.0,4.103720238095238,7.124345238095238,1.4880952380952381e-05,False,False,4022
wire,Torus,uniform,adaptive,0.375,0.373890625,0.3737916666666667,10.607505537214259,10.607505537214259,22.0,4.116971039324669,7.140666137322913,0.0,False,False,4021
wire,Torus,uniform,adaptive,0.4,0.3993802083333333,0.399296875,10.76513086683794,10.764974374356099,22.0,4.122403202879462,7.167199175806262,0.0,False,False,4020
wire,Torus,uniform,adaptive,0.425,0.42325,0.4230833333333333,10.91016932467021,10.910132407954322,23.0,4.123584859224256,7.170026087812562,0.0,False,False,4021
wire,Torus,uniform,adaptive,0.45,0.4488802083333333,0.44885416666666667,11.09245228287985,11.092231826884028,23.0,4.13312061263561,7.177710738527586,3.480884144572721e-05,False,False,4020
wire,Torus,uniform,adaptive,0.475,0.4745729166666667,0.47434375,11.315437125485634,11.315272503786298,24.0,4.134978818674686,7.178965736736979,2.1949559911323776e-05,False,False,4023
wire,Torus,uniform,adaptive,0.5,0.4990572916666667,0.49928125,11.60391989062712,11.603575491290872,25.0,4.144376376292802,7.222304553376679,6.261806113610036e-05,False,False,4029
wire,Torus,uniform,adaptive,0.525,0.5229895833333333,0.5230625,11.864998904535224,11.863863604676638,26.0,4.152916923934909,7.2182862947397775,0.00011950524827215329,False,False,4023
wire,Torus,uniform,adaptive,0.55,0.5480572916666666,0.5481302083333334,12.26172940405029,12.260256398072737,27.0,4.159949442633545,7.229313769279748,0.0002470848736541002,False,False,4026
wire,Torus,uniform,adaptive,0.575,0.5746354166666666,0.57471875,12.674005256956404,12.6712680141394,28.0,4.158170941720294,7.2173932747212906,0.0003353575636726185,False,False,4028
wire,Torus,uniform,adaptive,0.6,0.599875,0.5997291666666666,13.338707716885462,13.327898173230533,30.0,4.169670764742655,7.251510731402376,0.0008769188025283045,False,False,4037
wire,Torus,uniform,adaptive,0.625,0.6246822916666667,0.6244635416666666,13.99463894146191,13.981265476617281,33.0,4.171078631637749,7.26019893445835,0.0015174380309990912,False,False,4042
wire,Torus,uniform,adaptive,0.65,0.6490729166666667,0.649125,14.876947890420633,14.84643160918618,36.0,4.167193593426521,7.25188169023126,0.002720225963313059,False,False,4034
wire,Torus,uniform,adaptive,0.675,0.675515625,0.67571875,16.38407389417035,16.298961441491453,41.0,4.1889528832142116,7.288252029699535,0.0056052860854748305,False,False,4045
wire,Torus,uniform,adaptive,0.7,0.6986510416666667,0.6986875,18.280786634958737,18.09230585726959,47.0,4.191895095459255,7.290321378251243,0.01156991523844313,False,False,4046
wire,Torus,uniform,adaptive,0.725,0.7235364583333334,0.7239427083333333,21.89553624774149,21.20098042744333,59.0,4.203550270301399,7.324246503358072,0.026130334943384275,False,False,4077
wire,Torus,uniform,adaptive,0.75,0.7500989583333333,0.749546875,31.68006999076511,26.176719738367854,103.0,4.199161221783237,7.316124955735007,0.06695644324707156,False,False,4181
wire,Torus,uniform,adaptive,0.775,0.7724270833333333,0.7629270833333334,63.78025838469111,31.41584291936941,228.0,4.2086361981308915,7.320014025056302,0.12773589740131888,False,False,4276
wire,Torus,uniform,adaptive,0.8,0.7992604166666667,0.7706927083333334,124.45838600789793,34.42233705639328,343.0,4.206225807712859,7.3069830181548046,0.16599330109867194,False,False,4465
wire,Torus,uniform,adaptive,0.825,0.8246197916666667,0.768828125,nan,nan,nan,4.209256791324284,7.312580924289604,0.18575479861299715,True,False,4648
wire,Modified torus,uniform,adaptive,0.01,0.009822916666666667,0.009796875,9.392364793213149,9.392364793213149,19.0,4.061505832449629,6.581124072110287,0.0,False,False,4009
wire,Modified torus,uniform,adaptive,0.025,0.025015625,0.02503125,9.735998334374349,9.735998334374349,20.0,4.168019987507807,6.898813241723922,0.0,False,False,4020
wire,Modified torus,uniform,adaptive,0.05,0.04969791666666667,0.049708333333333334,9.719241249214,9.719241249214,20.0,4.150492559211905,6.846782645147767,0.0,False,False,4018
wire,Modified torus,uniform,adaptive,0.075,0.07555208333333334,0.075546875,9.7292844340273,9.7292844340273,20.0,4.141665517716807,6.784709775265408,0.0,False,False,4016
wire,Modified torus,uniform,adaptive,0.1,0.099078125,0.09910416666666666,9.828418230563003,9.828418230563003,20.0,4.175156389633601,6.802081690585081,0.0,False,False,4018
wire,Modified torus,uniform,adaptive,0.125,0.12480208333333333,0.124703125,9.855938569401552,9.855938569401552,20.0,4.164260078457557,6.763375344295134,0.0,False,False,4020
wire,Modified torus,uniform,adaptive,0.15,0.150953125,0.15091145833333333,9.96849877514405,9.96849877514405,21.0,4.18600558948349,6.7745574992236826,0.0,False,False,4019
wire,Modified torus,uniform,adaptive,0.175,0.17616145833333333,0.17611979166666666,10.144103125092393,10.144103125092393,21.0,4.215533808355262,6.849067202791,0.0,False,False,4020
wire,Modified torus,uniform,adaptive,0.2,0.20070833333333332,0.20072395833333334,10.19812642723687,10.19812642723687,22.0,4.196309943948516,6.811578783475192,2.594976126219639e-05,False,False,4022
wire,Modified torus,uniform,adaptive,0.225,0.22457291666666668,0.22453645833333333,10.337631615566584,10.337608423396262,22.0,4.216243796094439,6.812885569831625,0.0,False,False,4025
wire,Modified torus,uniform,adaptive,0.25,0.24984895833333334,0.24992708333333333,10.545850618081758,10.54572554251527,23.0,4.227679222863814,6.849846782431052,8.338371099205771e-05,False,False,4023
wire,Modified torus,uniform,adaptive,0.275,0.273703125,0.27384375,10.697360659169188,10.697189396966756,25.0,4.226104165477346,6.8057696333085955,0.00011417480162128218,False,False,4020
wire,Modified torus,uniform,adaptive,0.3,0.29928645833333334,0.2992708333333333,11.026939073838818,11.026364791256983,27.0,4.235334041035101,6.816438403842472,0.0005220750743956981,False,False,4031
wire,Modified torus,uniform,adaptive,0.325,0.3245625,0.324625,11.44697990885166,11.444813531035368,31.0,4.237338725207009,6.796520957699467,0.0015084408498619937,False,False,4025
wire,Modified torus,uniform,adaptive,0.35,0.3483541666666667,0.3485416666666667,12.001539979666289,11.996680820525087,36.0,4.2465014054183365,6.809834938101788,0.003857424795167753,False,False,4031
wire,Modified torus,uniform,adaptive,0.375,0.37443229166666664,0.3745625,13.698126330138683,13.594497224965572,55.0,4.263802144913828,6.807069035066976,0.012838881083863071,False,False,4055
wire,Modified torus,uniform,adaptive,0.4,0.3977760416666667,0.398375,19.675264818718656,16.731593626019666,119.0,4.272413025545677,6.7630838123420585,0.028753617115996492,False,False,4113
wire,Modified torus,uniform,adaptive,0.425,0.42305729166666667,0.41633333333333333,81.7861548499883,21.250347790759232,1767.0,4.27243404286752,6.6941903554236895,0.05158383296194615,False,False,6945
wire,Modified torus,uniform,adaptive,0.45,0.4502291666666667,0.4278645833333333,219.94751515431955,27.300714913701356,2932.0,4.320716301883301,6.707209291564481,0.07602609782055435,False,False,9145
wire,Modified torus,uniform,adaptive,0.475,0.47306770833333334,0.4074947916666667,nan,nan,nan,4.454085417843183,6.893487913718456,0.1598179583430223,True,False,10000
wire,Searched (wire 208),uniform,adaptive,0.01,0.009822916666666667,0.009786458333333333,9.492046659597031,9.492046659597031,18.0,3.823435843054083,7.6802757158006365,0.0,False,False,4016
wire,Searched (wire 208),uniform,adaptive,0.025,0.025010416666666667,0.025020833333333332,9.355893377759267,9.355893377759267,19.0,3.7961266139108703,7.448979591836735,0.0,False,False,4009
wire,Searched (wire 208),uniform,adaptive,0.05,0.05009895833333333,0.05011458333333333,9.367397858405239,9.367397858405239,19.0,3.778667221124857,7.453685414284229,0.0,False,False,4015
wire,Searched (wire 208),uniform,adaptive,0.075,0.07473958333333333,0.07471875,9.471289198606271,9.471289198606271,19.0,3.8118466898954706,7.487526132404181,0.0,False,False,4015
wire,Searched (wire 208),uniform,adaptive,0.1,0.09919791666666666,0.09917708333333333,9.56011760999685,9.56011760999685,19.0,3.831985718786097,7.5132311246455945,0.0,False,False,4015
wire,Searched (wire 208),uniform,adaptive,0.125,0.12446354166666666,0.12445833333333334,9.596811315227853,9.596811315227853,19.0,3.8274260367410133,7.519228355023643,0.0,False,False,4018
wire,Searched (wire 208),uniform,adaptive,0.15,0.14966145833333333,0.149578125,9.665147033234732,9.665147033234732,19.0,3.8458674090829996,7.490029580650774,0.0,False,False,4016
wire,Searched (wire 208),uniform,adaptive,0.175,0.17513541666666665,0.175140625,9.675905549277346,9.675905549277346,20.0,3.819425444596443,7.472342829953012,0.0,False,False,4017
wire,Searched (wire 208),uniform,adaptive,0.2,0.20069270833333333,0.20075,9.827809929151636,9.827809929151636,20.0,3.8514520021799497,7.508499208470662,0.0,False,False,4020
wire,Searched (wire 208),uniform,adaptive,0.225,0.2256875,0.22558333333333333,9.90462014215822,9.90462014215822,20.0,3.8520031385581093,7.50909258746423,0.0,False,False,4019
wire,Searched (wire 208),uniform,adaptive,0.25,0.24925520833333334,0.24931770833333333,10.022023946340138,10.022023946340138,21.0,3.856363750339553,7.53404935537121,0.0,False,False,4019
wire,Searched (wire 208),uniform,adaptive,0.275,0.2733072916666667,0.2732395833333333,10.169985707479752,10.169814197236779,22.0,3.870204859456884,7.5599809433063365,3.811338732729871e-05,False,False,4021
wire,Searched (wire 208),uniform,adaptive,0.3,0.299484375,0.299625,10.276864750178257,10.276760404166884,22.0,3.8605067737952385,7.533990713204988,5.217300568685762e-05,False,False,4018
wire,Searched (wire 208),uniform,adaptive,0.325,0.3236875,0.32384375,10.459789534659201,10.45887236918324,23.0,3.8757803951856857,7.575320203385467,6.436248954109545e-05,False,False,4022
wire,Searched (wire 208),uniform,adaptive,0.35,0.34944270833333335,0.3493541666666667,10.707137853427332,10.701146170241307,24.0,3.890346235821919,7.5809249847226985,0.00011923747633881329,False,False,4024
wire,Searched (wire 208),uniform,adaptive,0.375,0.3748385416666667,0.374703125,11.034876127221443,11.02783142742014,26.0,3.8949547721935835,7.613444677569509,0.0006947435701482583,False,False,4022
wire,Searched (wire 208),uniform,adaptive,0.4,0.39924479166666665,0.399671875,11.47499836931707,11.458274085186876,30.0,3.900710977757485,7.616437283934512,0.002204683321374992,False,False,4031
wire,Searched (wire 208),uniform,adaptive,0.425,0.42384375,0.4237447916666667,11.955897171225638,11.887033350537001,34.0,3.904286170709528,7.592199365921994,0.003293273366266067,False,False,4059
wire,Searched (wire 208),uniform,adaptive,0.45,0.448828125,0.44873958333333336,13.473698868581375,12.878259355961706,56.0,3.916878445024659,7.635462721206847,0.007449956483899043,False,False,4069
wire,Searched (wire 208),uniform,adaptive,0.475,0.472640625,0.470453125,42.342149051759286,14.408895059891787,1159.0,3.9230718370855233,7.63861064277607,0.013774560040552304,False,False,6228
wire,Searched (wire 208),uniform,adaptive,0.5,0.4993020833333333,0.48819270833333334,108.58633926522438,16.51316420837419,2973.0,3.924999478438654,7.6443681805854,0.02411699664114493,False,False,9657
wire,Searched (wire 208),uniform,adaptive,0.525,0.5240625,0.5089375,nan,nan,nan,3.940046763524451,7.650382701492836,0.03580207438198205,True,False,10000
wire,Mesh,transpose,adaptive,0.01,0.008677083333333334,0.008682291666666666,11.770708283313326,11.770708283313326,28.0,5.883553421368547,5.883553421368547,0.0,False,False,4007
wire,Mesh,transpose,adaptive,0.025,0.022041666666666668,0.022052083333333333,12.041115311909262,12.041115311909262,28.0,6.014177693761814,6.014177693761814,0.0,False,False,4019
wire,Mesh,transpose,adaptive,0.05,0.043916666666666666,0.043890625,12.13508064516129,12.13508064516129,28.0,6.052893738140417,6.052893738140417,0.0,False,False,4019
wire,Mesh,transpose,adaptive,0.075,0.06526041666666667,0.06534375,11.961292897047088,11.961292897047088,28.0,5.952753391859537,5.952753391859537,0.0,False,False,4027
wire,Mesh,transpose,adaptive,0.1,0.0871875,0.087046875,12.019414575866188,12.019414575866188,28.0,5.970609318996416,5.970609318996416,0.0,False,False,4027
wire,Mesh,transpose,adaptive,0.125,0.11011458333333334,0.11005729166666667,12.042663891779396,12.042663891779396,28.0,5.967268943335541,5.967268943335541,0.0,False,False,4028
wire,Mesh,transpose,adaptive,0.15,0.13130729166666666,0.13133854166666667,12.136051723454047,12.136051723454047,28.0,5.992860259410575,5.992860259410575,0.0,False,False,4028
wire,Mesh,transpose,adaptive,0.175,0.15291145833333333,0.15297395833333333,12.2737831670016,12.2737831670016,28.0,6.034061105623489,6.034061105623489,0.0,False,False,4025
wire,Mesh,transpose,adaptive,0.2,0.1759375,0.1760625,12.297454114860864,12.297454114860864,28.0,6.013676731793961,6.013676731793961,0.0,False,False,4026
wire,Mesh,transpose,adaptive,0.225,0.19838020833333334,0.19836979166666666,12.337393998267217,12.337393998267217,28.0,5.985192575284203,5.985192575284203,0.0,False,False,4024
wire,Mesh,transpose,adaptive,0.25,0.218984375,0.21903125,12.472136996075633,12.472113212034724,29.0,5.994434534427399,5.994434534427399,0.0,False,False,4025
wire,Mesh,transpose,adaptive,0.275,0.24077604166666666,0.24074479166666668,12.659996971597915,12.659996971597915,29.0,6.004758917562569,6.004758917562569,0.0,False,False,4033
wire,Mesh,transpose,adaptive,0.3,0.26305208333333335,0.262984375,12.957292202906585,12.957272403278818,30.0,6.005821090563497,6.005821090563497,0.0,False,False,4028
wire,Mesh,transpose,adaptive,0.325,0.2846666666666667,0.28465625,13.522010392271662,13.521589578454332,32.0,6.004171545667448,6.004171545667448,0.0,False,False,4045
wire,Mesh,transpose,adaptive,0.35,0.305828125,0.30591666666666667,15.876564655392633,15.874759447538276,62.0,5.986716395033976,5.986716395033976,0.0001362421022156372,False,False,4067
wire,Mesh,transpose,adaptive,0.375,0.3283697916666667,0.3285,27.193347819880408,24.043301029390772,214.0,6.005424524561041,6.005424524561041,0.011245578695259092,False,False,4244
wire,Mesh,transpose,adaptive,0.4,0.35047395833333334,0.3428645833333333,121.85944628553595,31.22506724524825,2842.0,6.00318021726531,6.00318021726531,0.01833826217473362,False,False,9192
wire,Mesh,transpose,adaptive,0.425,0.37190625,0.3536302083333333,nan,nan,nan,6.006521983582593,6.006521983582593,0.025722478353761385,True,False,10000
wire,Torus,transpose,adaptive,0.01,0.008692708333333334,0.0086875,10.647094068304375,10.647094068304375,22.0,4.494907130017975,7.805871779508688,0.0,False,False,4016
wire,Torus,transpose,adaptive,0.025,0.02215625,0.022145833333333333,10.937940761636106,10.937940761636106,22.0,4.587682181476258,8.09826046074283,0.0,False,False,4022
wire,Torus,transpose,adaptive,0.05,0.04388020833333333,0.043895833333333335,10.87513353115727,10.87513353115727,22.0,4.5816023738872405,7.9736498516320475,0.0,False,False,4014
wire,Torus,transpose,adaptive,0.075,0.066,0.06605208333333333,10.923295454545455,10.923295454545455,22.0,4.578125,8.058712121212121,0.0,False,False,4021
wire,Torus,transpose,adaptive,0.1,0.08752604166666667,0.08749479166666667,10.915917881582862,10.915917881582862,22.0,4.5850639690568284,7.99369235346623,0.0,False,False,4019
wire,Torus,transpose,adaptive,0.125,0.10775,0.10782291666666667,10.874758313998454,10.874758313998454,22.0,4.569412219644239,7.940351894818252,0.0,False,False,4018
wire,Torus,transpose,adaptive,0.15,0.13066666666666665,0.13057291666666668,10.905253507653061,10.905253507653061,22.0,4.576052295918367,7.94889987244898,0.0,False,False,4019
wire,Torus,transpose,adaptive,0.175,0.15230208333333334,0.152375,10.945455167225225,10.945455167225225,22.0,4.571780315983859,8.008412557280623,0.0,False,False,4021
wire,Torus,transpose,adaptive,0.2,0.17574479166666668,0.17572916666666666,11.028183623270012,11.028183623270012,22.0,4.604095664285926,8.027027827993955,0.0,False,False,4022
wire,Torus,transpose,adaptive,0.225,0.19741666666666666,0.197390625,11.036671591388771,11.036671591388771,22.0,4.592971718024483,8.014035457999157,0.0,False,False,4022
wire,Torus,transpose,adaptive,0.25,0.218984375,0.219,11.039505291949101,11.039505291949101,22.0,4.586942561541206,7.986443096682127,0.0,False,False,4024
wire,Torus,transpose,adaptive,0.275,0.24133333333333334,0.24141145833333333,11.077348066298342,11.077348066298342,22.0,4.587750345303867,7.9996546961325965,0.0,False,False,4019
wire,Torus,transpose,adaptive,0.3,0.26359895833333336,0.2637864583333333,11.13787516547786,11.13787516547786,23.0,4.597854221414317,7.995653118887199,0.0,False,False,4022
wire,Torus,transpose,adaptive,0.325,0.2840520833333333,0.2840416666666667,11.157358172283546,11.157358172283546,23.0,4.587333602258975,7.98679819575342,0.0,False,False,4019
wire,Torus,transpose,adaptive,0.35,0.3060260416666667,0.30597395833333335,11.28417039671869,11.28417039671869,23.0,4.607246796126419,8.043433122861957,0.0,False,False,4026
wire,Torus,transpose,adaptive,0.375,0.327671875,0.3275416666666667,11.355220701603802,11.355220701603802,23.0,4.609254049242605,8.03083623416464,0.0,False,False,4028
wire,Torus,transpose,adaptive,0.4,0.3479114583333333,0.3479010416666667,11.450246261171575,11.450246261171575,23.0,4.612254674471175,8.038952678932318,0.0,False,False,4023
wire,Torus,transpose,adaptive,0.425,0.37232291666666667,0.37244791666666666,11.623198948045772,11.623198948045772,24.0,4.627171753909857,8.058417032705705,0.0,False,False,4031
wire,Torus,transpose,adaptive,0.45,0.39327083333333335,0.39329166666666665,11.711951051544208,11.711911320654766,24.0,4.610690257985909,8.014276632939556,0.0,False,False,4023
wire,Torus,transpose,adaptive,0.475,0.414171875,0.41392708333333333,11.919417512355228,11.918927075866753,24.0,4.609801184592749,8.023918210284076,2.5150589152550897e-05,False,False,4023
wire,Torus,transpose,adaptive,0.5,0.43650520833333334,0.43658854166666666,12.232910546600007,12.232302020069444,25.0,4.617881134484363,8.023983104439857,4.772757102459163e-05,False,False,4025
wire,Torus,transpose,adaptive,0.525,0.45898958333333334,0.45884895833333333,12.780337244400064,12.775957152259265,28.0,4.62789642103352,8.064997843996096,0.0002156003903501804,False,False,4040
wire,Torus,transpose,adaptive,0.55,0.480625,0.480578125,13.724501517121803,13.68169700910273,34.0,4.627698309492848,8.056892067620286,0.0018530559167750326,False,False,4061
wire,Torus,transpose,adaptive,0.575,0.503890625,0.5041354166666666,15.968061025148067,15.752767527675276,51.0,4.628215861990553,8.0584617610882,0.011979699628929063,False,False,4059
wire,Torus,transpose,adaptive,0.6,0.5261510416666667,0.5238645833333333,31.13625879767573,19.976341552746458,290.0,4.640163926312351,8.104532720919412,0.04396115659120381,False,False,4474
wire,Torus,transpose,adaptive,0.625,0.5458697916666667,0.5372552083333333,66.80610073754616,25.613298730046658,817.0,4.66846680088162,8.172221321094964,0.07916455961910941,False,False,5496
wire,Torus,transpose,adaptive,0.65,0.5686354166666666,0.5489479166666666,148.67626261701076,30.47029621352287,1999.0,4.715253988898862,8.312572129916283,0.09990107897195406,False,False,7047
wire,Torus,transpose,adaptive,0.675,0.59059375,0.5578541666666667,nan,nan,nan,4.740656472123746,8.412226396458367,0.10021694269538071,True,False,7995
wire,Modified torus,transpose,adaptive,0.01,0.0085,0.008484375,10.224264705882353,10.224264705882353,22.0,4.28921568627451,7.572303921568627,0.0,False,False,4007
wire,Modified torus,transpose,adaptive,0.025,0.022046875,0.022010416666666668,10.25962674226317,10.25962674226317,22.0,4.289156626506024,7.622962437987243,0.0,False,False,4013
wire,Modified torus,transpose,adaptive,0.05,0.04378125,0.043708333333333335,10.2742088984059,10.2742088984059,22.0,4.313109683559363,7.553890078515346,0.0,False,False,4014
wire,Modified torus,transpose,adaptive,0.075,0.06558333333333333,0.06557291666666666,10.226095933926302,10.226095933926302,22.0,4.293202033036849,7.477763659466328,0.0,False,False,4017
wire,Modified torus,transpose,adaptive,0.1,0.08710416666666666,0.0870625,10.284202343936856,10.284202343936856,22.0,4.294427170533365,7.546280794068405,0.0,False,False,4018
wire,Modified torus,transpose,adaptive,0.125,0.10913541666666667,0.10897395833333333,10.249355731602558,10.249355731602558,22.0,4.273837930705355,7.485730648086284,0.0,False,False,4017
wire,Modified torus,transpose,adaptive,0.15,0.13168229166666667,0.131703125,10.32488233200174,10.32488233200174,22.0,4.298303207688961,7.508286200213583,0.0,False,False,4018
wire,Modified torus,transpose,adaptive,0.175,0.15359895833333334,0.15358854166666666,10.299718558204198,10.299718558204198,22.0,4.284900478111966,7.430470312976841,0.0,False,False,4019
wire,Modified torus,transpose,adaptive,0.2,0.17509375,0.17505729166666667,10.371616395978345,10.371616395978345,22.0,4.289904217978464,7.470938187875543,0.0,False,False,4024
wire,Modified torus,transpose,adaptive,0.225,0.196140625,0.19617708333333334,10.471839400940015,10.471839400940015,22.0,4.308930136222417,7.488727794152792,0.0,False,False,4025
wire,Modified torus,transpose,adaptive,0.25,0.21821354166666668,0.2183125,10.525121130391197,10.525121130391197,23.0,4.308184356875194,7.465737403632718,0.0,False,False,4020
wire,Modified torus,transpose,adaptive,0.275,0.241296875,0.241390625,10.589781778151913,10.589760193399382,23.0,4.309827537827279,7.424464158518423,0.0,False,False,4024
wire,Modified torus,transpose,adaptive,0.3,0.263359375,0.263296875,10.963314545634333,10.962919015129042,26.0,4.326470879066548,7.518560268960743,0.00041530703055473156,False,False,4030
wire,Modified torus,transpose,adaptive,0.325,0.28422916666666664,0.28421875,11.238932053067508,11.23818075203401,30.0,4.318551638202742,7.452429817488822,0.0004214615553763835,False,False,4027
wire,Modified torus,transpose,adaptive,0.35,0.306078125,0.30595833333333333,15.860159613388467,13.872292272874232,142.0,4.326850102948934,7.463031973726752,0.003335205132131979,False,False,4206
wire,Modified torus,transpose,adaptive,0.375,0.32805208333333336,0.3252083333333333,41.059552916521135,16.173006699901567,672.0,4.324357793795446,7.41348871177722,0.00573143238179913,False,False,4938
wire,Modified torus,transpose,adaptive,0.4,0.3491927083333333,0.3425989583333333,80.16846893877246,16.734193452158998,1490.0,4.335923633380565,7.443985382951749,0.004370199119994034,False,False,6941
wire,Modified torus,transpose,adaptive,0.425,0.3721041666666667,0.359890625,148.82302222719892,17.53635014836795,2816.0,4.350624265158726,7.480880129891943,0.001483679525222552,False,False,8832
wire,Modified torus,transpose,adaptive,0.45,0.3938229166666667,0.37768229166666667,nan,nan,nan,4.341932395415015,7.3953352304459985,0.006675354378872902,True,False,10000
wire,Searched (wire 208),transpose,adaptive,0.01,0.008479166666666666,0.008458333333333333,8.730958230958231,8.730958230958231,20.0,3.262899262899263,7.875921375921376,0.0,False,False,4004
wire,Searched (wire 208),transpose,adaptive,0.025,0.02178125,0.021755208333333335,8.785031085604974,8.785031085604974,20.0,3.287422285987566,7.889526542324247,0.0,False,False,4015
wire,Searched (wire 208),transpose,adaptive,0.05,0.04388020833333333,0.043875,8.93305637982196,8.93305637982196,20.0,3.3169139465875372,8.082848664688427,0.0,False,False,4016
wire,Searched (wire 208),transpose,adaptive,0.075,0.06540625,0.065390625,8.896321070234114,8.896321070234114,20.0,3.2985347985347984,8.017996496257366,0.0,False,False,4020
wire,Searched (wire 208),transpose,adaptive,0.1,0.08751041666666666,0.08748958333333333,8.940066658731103,8.940066658731103,20.0,3.3037138435900486,8.062373526961077,0.0,False,False,4019
wire,Searched (wire 208),transpose,adaptive,0.125,0.1104375,0.11038020833333333,9.0008017355216,9.0008017355216,20.0,3.3260233918128654,8.067911714770798,0.0,False,False,4016
wire,Searched (wire 208),transpose,adaptive,0.15,0.13207291666666668,0.132046875,8.936035964981466,8.936035964981466,20.0,3.2982490732707626,7.966558876883035,0.0,False,False,4017
wire,Searched (wire 208),transpose,adaptive,0.175,0.153375,0.1534375,9.080616680249932,9.080616680249932,21.0,3.3304468894322197,8.08761206193969,0.0,False,False,4016
wire,Searched (wire 208),transpose,adaptive,0.2,0.17495833333333333,0.17490625,9.117944748749702,9.117944748749702,21.0,3.327667301738509,8.093950940700166,0.0,False,False,4020
wire,Searched (wire 208),transpose,adaptive,0.225,0.19770833333333335,0.197671875,9.218519494204426,9.21804531085353,21.0,3.343440463645943,8.099315068493151,0.0,False,False,4023
wire,Searched (wire 208),transpose,adaptive,0.25,0.22045833333333334,0.2204375,9.301549801549802,9.29391891891892,22.0,3.349910224910225,8.084294084294084,0.0,False,False,4019
wire,Searched (wire 208),transpose,adaptive,0.275,0.24117708333333332,0.241125,9.643739472206626,9.5705524122144,25.0,3.367857297110526,8.169999568090528,6.47864207662074e-05,False,False,4033
wire,Searched (wire 208),transpose,adaptive,0.3,0.26440625,0.2644375,9.805066383012253,9.741165346885712,26.0,3.385691210652799,8.142930307686246,7.879289288106212e-05,False,False,4023
wire,Searched (wire 208),transpose,adaptive,0.325,0.2843177083333333,0.283921875,15.193885214970049,10.301562585868949,309.0,3.387037681584202,8.149077653007016,0.00040301159574273205,False,False,4323
wire,Searched (wire 208),transpose,adaptive,0.35,0.3065364583333333,0.30428645833333334,41.10189448644975,11.041287910967633,1678.0,3.395905190722963,8.178370571744116,0.0011214000509727296,False,False,6507
wire,Searched (wire 208),transpose,adaptive,0.375,0.32684375,0.32372395833333334,nan,nan,nan,3.414613153112946,8.198922503108165,0.003251617839268067,True,False,10000
wire,Mesh,bit_complement,adaptive,0.01,0.010010416666666667,0.010010416666666667,16.01248699271592,16.01248699271592,28.0,7.9937565036420395,7.9937565036420395,0.0,False,False,4019
wire,Mesh,bit_complement,adaptive,0.025,0.024708333333333332,0.024729166666666667,16.170531197301855,16.170531197301855,28.0,8.04258010118044,8.04258010118044,0.0,False,False,4024
wire,Mesh,bit_complement,adaptive,0.05,0.04918229166666667,0.04922395833333333,16.254580112252462,16.254580112252462,28.0,8.013555014296305,8.013555014296305,0.0,False,False,4023
wire,Mesh,bit_complement,adaptive,0.075,0.07432291666666667,0.07422916666666667,16.342676944639102,16.342676944639102,28.0,7.955290819901892,7.955290819901892,0.0,False,False,4025
wire,Mesh,bit_complement,adaptive,0.1,0.10008333333333333,0.10000520833333333,16.74365112406328,16.74365112406328,29.0,7.9694004995836805,7.9694004995836805,0.0,False,False,4027
wire,Mesh,bit_complement,adaptive,0.125,0.12436458333333333,0.12438541666666666,17.646745958623,17.646745958623,30.0,8.006952006030655,8.006952006030655,0.0,False,False,4027
wire,Mesh,bit_complement,adaptive,0.15,0.149515625,0.14960416666666668,19.988434876510954,19.988434876510954,44.0,8.003901487442088,8.003901487442088,0.0017417354652175428,False,False,4061
wire,Mesh,bit_complement,adaptive,0.175,0.17386979166666666,0.1741875,32.388491148189196,32.380792618997695,96.0,8.016355630111134,8.016355630111134,0.04061947697930084,False,False,4091
wire,Mesh,bit_complement,adaptive,0.2,0.20121354166666666,0.08882291666666667,nan,nan,nan,7.604215979634675,7.604215979634675,0.41163860479657005,True,False,10000
wire,Torus,bit_complement,adaptive,0.01,0.009822916666666667,0.009791666666666667,11.055673382820785,11.055673382820785,18.0,4.0201484623541885,10.042417815482503,0.0,False,False,4012
wire,Torus,bit_complement,adaptive,0.025,0.025192708333333334,0.025135416666666667,11.03555923092826,11.03555923092826,18.0,4.021914409758114,9.969816001653918,0.0,False,False,4015
wire,Torus,bit_complement,adaptive,0.05,0.049984375,0.05009895833333333,11.04345107846202,11.04345107846202,18.0,3.9995832030842973,10.01021152443472,0.0,False,False,4016
wire,Torus,bit_complement,adaptive,0.075,0.07509375,0.07513541666666666,11.114370925232349,11.114370925232349,18.0,4.0371757525315575,9.99056734637259,0.0,False,False,4014
wire,Torus,bit_complement,adaptive,0.1,0.10036979166666667,0.10029166666666667,11.228374241087645,11.228374241087645,18.0,4.048362824970162,10.099112656322973,0.0,False,False,4016
wire,Torus,bit_complement,adaptive,0.125,0.12505729166666665,0.12501041666666668,11.248760984548749,11.248760984548749,19.0,4.046395402107367,10.054391737120486,0.0,False,False,4018
wire,Torus,bit_complement,adaptive,0.15,0.15011979166666667,0.15011458333333333,11.371612947992922,11.371612947992922,19.0,4.068486972209693,10.11740623807376,0.0,False,False,4021
wire,Torus,bit_complement,adaptive,0.175,0.17588020833333334,0.17574479166666668,11.447866386330658,11.447866386330658,19.0,4.078711244040392,10.085462998608191,0.0,False,False,4029
wire,Torus,bit_complement,adaptive,0.2,0.20085416666666667,0.2008125,11.58666113473706,11.58666113473706,19.0,4.08858002281921,10.101649206513848,0.0,False,False,4017
wire,Torus,bit_complement,adaptive,0.225,0.22630208333333332,0.22631770833333334,11.827940161104719,11.827940161104719,21.0,4.100069044879172,10.192451093210586,4.6029919447640965e-05,False,False,4020
wire,Torus,bit_complement,adaptive,0.25,0.2513489583333333,0.25128125,12.132078990447377,12.132078990447377,22.0,4.12474357114735,10.202200625790008,0.0003937089454816718,False,False,4026
wire,Torus,bit_complement,adaptive,0.275,0.27596354166666665,0.27611979166666667,12.60530338775125,12.605284514485232,24.0,4.144304991978862,10.24837218080589,0.0015476078135321317,False,False,4021
wire,Torus,bit_complement,adaptive,0.3,0.3006770833333333,0.3006875,13.569928979733241,13.569669149489,31.0,4.190368958946822,10.307188636757319,0.006842196431664646,False,False,4023
wire,Torus,bit_complement,adaptive,0.325,0.326046875,0.32584375,15.695723710483858,15.661267391894699,46.0,4.227472404594176,10.314978993945784,0.028418076388556094,False,False,4081
wire,Torus,bit_complement,adaptive,0.35,0.35030208333333335,0.34517708333333336,67.11377085253798,24.4701002111273,1236.0,4.4227303815159535,10.550923310238188,0.0957804276071248,False,False,5912
wire,Torus,bit_complement,adaptive,0.375,0.374578125,0.3611979166666667,154.88320193551078,34.97957424324587,2575.0,4.764999513341398,11.011443429413646,0.1593459308388604,False,False,9119
wire,Torus,bit_complement,adaptive,0.4,0.40015104166666665,0.3416822916666667,nan,nan,nan,5.080782415809639,11.33817301875378,0.2395913154533844,True,False,10000
wire,Modified torus,bit_complement,adaptive,0.01,0.009942708333333333,0.009979166666666667,13.53064431639602,13.53064431639602,22.0,5.191199580932425,11.434258774227343,0.0,False,False,4018
wire,Modified torus,bit_complement,adaptive,0.025,0.025322916666666667,0.025348958333333334,13.640477169888934,13.640477169888934,22.0,5.283422459893048,11.275195392842452,0.0,False,False,4019
wire,Modified torus,bit_complement,adaptive,0.05,0.04992708333333333,0.04993229166666667,13.806071354058002,13.806071354058002,22.0,5.279157104110161,11.349259336532443,0.0,False,False,4020
wire,Modified torus,bit_complement,adaptive,0.075,0.07485416666666667,0.07500520833333334,14.199485109935987,14.199485109935987,24.0,5.325076537712218,11.376704703590315,0.0,False,False,4021
wire,Modified torus,bit_complement,adaptive,0.1,0.09993229166666667,0.10000520833333333,15.11856986501277,15.11856986501277,30.0,5.331318079949966,11.396987543649345,0.0011987283056235994,False,False,4027
wire,Modified torus,bit_complement,adaptive,0.125,0.12522916666666667,0.10574479166666667,nan,nan,nan,5.42683563529356,10.375622953153924,0.05576913949404338,True,False,10000
wire,Searched (wire 208),bit_complement,adaptive,0.01,0.009765625,0.009760416666666667,12.922133333333333,12.922133333333333,19.0,4.664533333333333,12.081066666666667,0.0,False,False,4015
wire,Searched (wire 208),bit_complement,adaptive,0.025,0.025098958333333334,0.02509375,13.012035692052294,13.012035692052294,20.0,4.702842913467524,12.100850798920938,0.0,False,False,4015
wire,Searched (wire 208),bit_complement,adaptive,0.05,0.04969791666666667,0.049703125,13.12523579962272,13.12523579962272,20.0,4.731502829595473,12.1328861873821,0.0,False,False,4013
wire,Searched (wire 208),bit_complement,adaptive,0.075,0.07472916666666667,0.07471354166666666,13.245748536381377,13.245748536381377,21.0,4.735991078896014,12.204070253693894,0.0,False,False,4018
wire,Searched (wire 208),bit_complement,adaptive,0.1,0.09990625,0.09994791666666666,13.396621832968409,13.396621832968409,21.0,4.769627776040037,12.236158898967782,0.0,False,False,4017
wire,Searched (wire 208),bit_complement,adaptive,0.125,0.12541145833333334,0.12543229166666667,13.589725486938827,13.58960089704722,22.0,4.7796420117114495,12.252003820756675,0.0,False,False,4020
wire,Searched (wire 208),bit_complement,adaptive,0.15,0.15052083333333333,0.15042708333333332,13.84733564013841,13.847024221453287,23.0,4.801868512110727,12.194117647058823,0.0,False,False,4025
wire,Searched (wire 208),bit_complement,adaptive,0.175,0.17529166666666668,0.175265625,14.459769431899215,14.456352507725219,27.0,4.8344128832897555,12.209412883289755,0.0007428096030425482,False,False,4023
wire,Searched (wire 208),bit_complement,adaptive,0.2,0.20050520833333332,0.20043229166666668,18.3670156116061,17.274800633815623,81.0,4.857105748499883,12.243759253967841,0.01613112710081305,False,False,4169
wire,Searched (wire 208),bit_complement,adaptive,0.225,0.22647395833333334,0.22326041666666666,61.53381781385829,20.940804452314698,1136.0,4.898650047144861,12.313271853367983,0.02387139801761608,False,False,6140
wire,Searched (wire 208),bit_complement,adaptive,0.25,0.25065625,0.237453125,nan,nan,nan,5.7868690270702645,13.487854165789585,0.09634572475055782,True,False,10000
wire,Mesh,tornado,adaptive,0.01,0.009744791666666667,0.009744791666666667,7.501336183858899,7.501336183858899,10.0,3.745056119722074,3.745056119722074,0.0,False,False,4006
wire,Mesh,tornado,adaptive,0.025,0.025015625,0.025015625,7.541120133250052,7.541120133250052,11.0,3.750780762023735,3.750780762023735,0.0,False,False,4009
wire,Mesh,tornado,adaptive,0.05,0.0500625,0.050078125,7.580212234706616,7.580212234706616,11.0,3.752808988764045,3.752808988764045,0.0,False,False,4010
wire,Mesh,tornado,adaptive,0.075,0.074984375,0.07502083333333333,7.664096686809752,7.664096686809752,11.0,3.764881572549837,3.764881572549837,0.0,False,False,4010
wire,Mesh,tornado,adaptive,0.1,0.10013020833333333,0.10021875,7.706840052015605,7.706840052015605,12.0,3.7545383615084527,3.7545383615084527,0.0,False,False,4010
wire,Mesh,tornado,adaptive,0.125,0.12411979166666667,0.12405729166666667,7.777726490705383,7.777726490705383,12.0,3.7522135034199153,3.7522135034199153,0.0,False,False,4012
wire,Mesh,tornado,adaptive,0.15,0.14966666666666667,0.14966666666666667,7.915228285077951,7.915228285077951,13.0,3.7513223830734965,3.7513223830734965,0.0,False,False,4011
wire,Mesh,tornado,adaptive,0.175,0.17579166666666668,0.175828125,8.084735719364778,8.084706091490874,14.0,3.756932922493482,3.756932922493482,0.0,False,False,4012
wire,Mesh,tornado,adaptive,0.2,0.20040625,0.20048958333333333,8.28374655647383,8.283616612090025,15.0,3.7493112947658402,3.7493112947658402,2.59888767607464e-05,False,False,4010
wire,Mesh,tornado,adaptive,0.225,0.22763020833333333,0.22758333333333333,8.879510353506463,8.879075620638371,21.0,3.7484727147923578,3.7484727147923578,0.0022880677268047136,False,False,4016
wire,Mesh,tornado,adaptive,0.25,0.25155208333333334,0.25152083333333336,9.754896683092468,9.753302414178641,31.0,3.746863224150068,3.746863224150068,0.006025094206799453,False,False,4019
wire,Mesh,tornado,adaptive,0.275,0.276671875,0.27594270833333334,19.756122813953052,14.781254117957117,142.0,3.75100242841814,3.75100242841814,0.061538751153027996,False,False,4589
wire,Mesh,tornado,adaptive,0.3,0.301546875,0.2764010416666667,nan,nan,nan,3.7703303346015717,3.7703303346015717,0.15912242648366107,True,False,10000
wire,Torus,tornado,adaptive,0.01,0.009817708333333333,0.009833333333333333,7.154907161803713,7.154907161803713,9.0,3.0053050397877983,5.268435013262599,0.0,False,False,4008
wire,Torus,tornado,adaptive,0.025,0.0250625,0.025067708333333334,7.19305901911887,7.19305901911887,10.0,3.013715710723192,5.253117206982544,0.0,False,False,4013
wire,Torus,tornado,adaptive,0.05,0.049541666666666664,0.04958333333333333,7.322539949537426,7.322539949537426,12.0,3.026072329688814,5.365012615643398,0.0,False,False,4008
wire,Torus,tornado,adaptive,0.075,0.07465625,0.074609375,7.44970001395284,7.44970001395284,13.0,3.0426956885726244,5.405609041439933,0.0,False,False,4011
wire,Torus,tornado,adaptive,0.1,0.10022395833333334,0.10023958333333334,7.601673335758457,7.601673335758457,13.0,3.0586187184950373,5.449825910720781,0.0,False,False,4013
wire,Torus,tornado,adaptive,0.125,0.12497395833333333,0.12495833333333334,7.765284434257137,7.765284434257137,13.0,3.070097937070223,5.495603250677225,0.0,False,False,4010
wire,Torus,tornado,adaptive,0.15,0.15068229166666666,0.15063020833333332,8.01676402474854,8.01676402474854,14.0,3.0932563686011543,5.577373751339394,0.0,False,False,4012
wire,Torus,tornado,adaptive,0.175,0.17574479166666668,0.17583854166666665,8.328186586847643,8.328097679518715,16.0,3.113445751711466,5.623121832676407,0.0,False,False,4012
wire,Torus,tornado,adaptive,0.2,0.20064583333333333,0.20065104166666667,8.76695047243277,8.766587062610322,18.0,3.1285951614577927,5.67988786211193,5.1915688921191985e-05,False,False,4017
wire,Torus,tornado,adaptive,0.225,0.22676041666666666,0.226546875,9.52209564058983,9.520166291515459,23.0,3.1452983600532867,5.747025586843677,0.0010565483026321835,False,False,4038
wire,Torus,tornado,adaptive,0.25,0.2506979166666667,0.2506979166666667,11.103378069555824,11.1000955665434,40.0,3.1633772385424024,5.815348817883409,0.011239456517222753,False,False,4033
wire,Torus,tornado,adaptive,0.275,0.274953125,0.265421875,nan,nan,nan,3.300811900079827,6.202390919179923,0.1177547166137731,True,False,10000
wire,Modified torus,tornado,adaptive,0.01,0.009770833333333333,0.009765625,7.365138592750533,7.365138592750533,13.0,3.4029850746268657,4.5106609808102345,0.0,False,False,4005
wire,Modified torus,tornado,adaptive,0.025,0.024979166666666667,0.024984375,7.424728940783987,7.424728940783987,13.0,3.4124270225187656,4.585487906588824,0.0,False,False,4011
wire,Modified torus,tornado,adaptive,0.05,0.05,0.05,7.4757291666666665,7.4757291666666665,14.0,3.4254166666666666,4.608125,0.0,False,False,4009
wire,Modified torus,tornado,adaptive,0.075,0.07471354166666666,0.07465625,7.547159288950854,7.547159288950854,14.0,3.45102823283374,4.628441965841756,0.0,False,False,4011
wire,Modified torus,tornado,adaptive,0.1,0.10025520833333333,0.10025520833333333,7.619564652709232,7.619564652709232,15.0,3.4751415657956257,4.650994856875682,0.0,False,False,4015
wire,Modified torus,tornado,adaptive,0.125,0.12519791666666666,0.125140625,7.711124053581829,7.711124053581829,15.0,3.5068641317913305,4.662783925451369,0.0,False,False,4011
wire,Modified torus,tornado,adaptive,0.15,0.15047395833333332,0.15043229166666666,7.84486518292894,7.84486518292894,17.0,3.5452216953376485,4.733273337717629,0.0,False,False,4014
wire,Modified torus,tornado,adaptive,0.175,0.175359375,0.175421875,7.963527280287505,7.963527280287505,18.0,3.565624164661855,4.763580741928777,0.0,False,False,4012
wire,Modified torus,tornado,adaptive,0.2,0.20003125,0.200015625,8.126021975732959,8.126021975732959,19.0,3.6132895901682027,4.8165911576316205,0.0,False,False,4015
wire,Modified torus,tornado,adaptive,0.225,0.22564583333333332,0.22580208333333332,8.351352599021327,8.351352599021327,20.0,3.652894469578063,4.895762164158434,0.0,False,False,4014
wire,Modified torus,tornado,adaptive,0.25,0.24933854166666666,0.24944791666666666,8.670524095001358,8.670524095001358,22.0,3.696217074342531,4.935537777035072,0.0003759948196269296,False,False,4016
wire,Modified torus,tornado,adaptive,0.275,0.27590625,0.276015625,9.448616302336996,9.448370898931552,32.0,3.771812587306981,5.032506512628837,0.004020840412277721,False,False,4053
wire,Modified torus,tornado,adaptive,0.3,0.3006666666666667,0.30078125,10.609323032150776,10.608924611973393,47.0,3.899147727272727,5.215458702882484,0.013615576496674057,False,False,4101
wire,Modified torus,tornado,adaptive,0.325,0.3252083333333333,0.32515104166666664,12.466319666880205,12.460970531710442,61.0,4.067456758488149,5.441575912876361,0.03374439461883408,False,False,4183
wire,Modified torus,tornado,adaptive,0.35,0.35006770833333334,0.349671875,14.58807076012081,14.579352208650112,76.0,4.197179117135078,5.6198205704253645,0.06092571377560888,False,False,4103
wire,Modified torus,tornado,adaptive,0.375,0.37453125,0.3746875,16.98303434849117,16.921679877624808,95.0,4.314643304130163,5.807147823668474,0.0835905993603115,False,False,4150
wire,Modified torus,tornado,adaptive,0.4,0.400359375,0.39696875,28.86942720732675,22.124328402867217,304.0,4.408786376822906,5.990074022037493,0.1270343051164969,False,False,5580
wire,Modified torus,tornado,adaptive,0.425,0.4244375,0.4127135416666667,122.65451823491877,26.33025327639523,2355.0,4.434226672556815,5.996637706768762,0.19682913660236587,False,False,8281
wire,Modified torus,tornado,adaptive,0.45,0.4501354166666667,0.4298020833333333,211.02412468470138,28.99168074422049,3016.0,4.524957767338532,6.127831902436767,0.22980353134473422,False,False,8416
wire,Modified torus,tornado,adaptive,0.475,0.4764322916666667,0.37419270833333335,nan,nan,nan,4.583168427734011,5.983907702647201,0.32117387895306726,True,False,10000
wire,Searched (wire 208),tornado,adaptive,0.01,0.009729166666666667,0.009703125,7.7312633832976445,7.7312633832976445,14.0,3.4271948608137044,5.237687366167023,0.0,False,False,4005
wire,Searched (wire 208),tornado,adaptive,0.025,0.025270833333333333,0.0253125,7.667765869744435,7.667765869744435,14.0,3.392209398186315,5.192085737840066,0.0,False,False,4014
wire,Searched (wire 208),tornado,adaptive,0.05,0.050208333333333334,0.0501875,7.777904564315353,7.777904564315353,14.0,3.430497925311203,5.248132780082988,0.0,False,False,4009
wire,Searched (wire 208),tornado,adaptive,0.075,0.07482291666666667,0.07481770833333333,7.880899345677293,7.880899345677293,14.0,3.4553807601280804,5.311012111930948,0.0,False,False,4011
wire,Searched (wire 208),tornado,adaptive,0.1,0.1003125,0.10030208333333333,7.908515057113188,7.908515057113188,14.0,3.454153686396677,5.279439252336449,0.0,False,False,4011
wire,Searched (wire 208),tornado,adaptive,0.125,0.124890625,0.12483333333333334,8.027899411985487,8.027899411985487,15.0,3.478293506818466,5.344968514116519,0.0,False,False,4011
wire,Searched (wire 208),tornado,adaptive,0.15,0.15080729166666668,0.15079166666666666,8.171093075461924,8.171093075461924,15.0,3.5035054394750476,5.402072180970471,0.0,False,False,4015
wire,Searched (wire 208),tornado,adaptive,0.175,0.17626041666666667,0.17630208333333333,8.296377282666509,8.296377282666509,16.0,3.5301696117250754,5.417173925890904,0.0,False,False,4012
wire,Searched (wire 208),tornado,adaptive,0.2,0.20061458333333335,0.20075,8.478711251882237,8.478711251882237,17.0,3.5544161171400384,5.449556051716081,0.0,False,False,4013
wire,Searched (wire 208),tornado,adaptive,0.225,0.225234375,0.22527604166666668,8.810544571626778,8.810544571626778,18.0,3.5935483870967744,5.523667476008787,4.6248121170077466e-05,False,False,4015
wire,Searched (wire 208),tornado,adaptive,0.25,0.25049479166666666,0.25069270833333335,9.299428214991163,9.299095540076932,22.0,3.6366150327476867,5.585757355234432,0.001226738746231417,False,False,4019
wire,Searched (wire 208),tornado,adaptive,0.275,0.2764947916666667,0.27636979166666664,10.478591745625106,10.47691525232166,40.0,3.7116054778005916,5.678960950891932,0.01335543541733381,False,False,4124
wire,Searched (wire 208),tornado,adaptive,0.3,0.3013645833333333,0.2832864583333333,nan,nan,nan,4.216313488649731,6.214592952825717,0.1374848575290999,True,False,10000
