topology,n,nodes,links,max_radix,diameter,avg_hops,avg_hops_traffic,total_wire,max_link_length,max_channel_load,throughput_est,wire_per_packet,throughput_est_transpose,throughput_est_bit_complement,throughput_est_tornado
Mesh,5,25,40,4,8,3.3333333333333335,3.333333333333333,40,1,1.6196428571428572,0.61742006615215,3.333333333333333,0.5857740585774058,0.22826086956521738,0.5
Torus,5,25,50,4,4,2.5,2.5,80,4,0.6250000000000001,1.0000000000000004,4.0,1.0,0.6000000000000001,0.5
Modified torus,5,25,50,4,4,2.486666666666667,2.4866666666666664,72,4,1.0492063492063493,0.9531013615733737,3.7886984126984102,1.0,0.3333333333333333,0.5
Mesh,6,36,60,4,10,4.0,4.000000000000001,60,1,1.999047619047619,0.5002382086707956,4.000000000000001,0.46153846153846145,0.16719745222929935,0.5
Torus,6,36,72,4,6,3.085714285714286,3.0857142857142885,120,5,0.7714285714285716,0.9999999999999998,5.142857142857147,0.879120879120879,0.5263157894736842,0.5
Modified torus,6,36,72,4,6,3.0793650793650795,3.0793650793650795,96,5,1.3935374149659863,0.7175982426165488,4.620710506424789,0.6086956521739131,0.23333333333333334,0.30000000000000004
Mesh,7,49,84,4,12,4.666666666666667,4.666666666666675,84,1,2.3376863876863876,0.427773376817111,4.666666666666675,0.384764865915274,0.1264367816091954,0.3333333333333333
Torus,7,49,98,4,6,3.5,3.5,168,6,0.8750000000000001,0.9999999999999993,6.0,0.6666666666666665,0.28846153846153844,0.3333333333333333
Modified torus,7,49,98,4,6,3.4047619047619047,3.4047619047619024,144,6,2.0281746031746035,0.4930541968303658,5.651230402250802,0.5,0.16666666666666666,0.3333333333333333
Mesh,8,64,112,4,14,5.333333333333333,5.333333333333332,112,1,2.71591107305393,0.3682005680972246,5.333333333333332,0.32691051600261267,0.10501205557980724,0.3333333333333333
Torus,8,64,128,4,8,4.063492063492063,4.063492063492051,224,7,1.015873015873016,0.9843749999999999,7.111111111111095,0.6140350877192983,0.3225806451612903,0.3333333333333333
Modified torus,8,64,128,4,8,4.130952380952381,4.130952380952385,176,7,2.347736504123482,0.4259421780270636,6.660028265993893,0.40103570783404585,0.13809990205680706,0.3333333333333333
Mesh,9,81,144,4,16,6.0,5.999999999999992,144,1,3.0638649544899548,0.3263851425744289,5.999999999999992,0.28544609864192105,0.08246828143021914,0.25
Torus,9,81,162,4,8,4.5,4.5,288,8,1.1250000000000002,0.8888888888888887,8.0,0.5,0.22826086956521738,0.25
Modified torus,9,81,162,4,8,4.234567901234568,4.2345679012345725,240,8,3.617545776377046,0.2764305033899239,7.677659679711049,0.27823240589198034,0.1,0.25
Mesh,10,100,180,4,18,6.666666666666667,6.666666666666665,180,1,3.4415606180312066,0.2905658539793683,6.666666666666665,0.2521936839193243,0.07325891859039113,0.25
Torus,10,100,200,4,10,5.05050505050505,5.05050505050507,360,9,1.262626262626263,0.7919999999999998,9.09090909090902,0.47036864209052726,0.22617124394184165,0.25
Modified torus,10,100,200,4,10,4.955151515151515,4.955151515151522,280,9,3.8014432227063035,0.26305798651073503,8.751743968391766,0.21686746987951805,0.08134280180761781,0.25
